level,category,pattern,reading,meaning_zh,connection,example_furigana,example_zh,note
N5,助詞,〜は,,表示主題「…是…；至於…」，提示句子的話題。,名詞 ＋ は,私[わたし]は 台湾人[たいわんじん]です。,我是台灣人。,作助詞時讀作 wa，不讀 ha。
N5,助詞,〜が,,標示主語，或提示新資訊、描述的對象。,名詞 ＋ が,机[つくえ]の 上[うえ]に 本[ほん]があります。,桌子上有書。,與は不同，が常帶出新資訊或強調主語。
N5,助詞,〜を,,標示動作的受詞（直接對象）。,名詞 ＋ を ＋ 他動詞,毎朝[まいあさ]コーヒーを 飲[の]みます。,每天早上喝咖啡。,作助詞時讀作 o。
N5,助詞,〜に（場所）,,表示存在的場所「在…」，多與あります／います並用。,場所名詞 ＋ に,部屋[へや]に 猫[ねこ]がいます。,房間裡有貓。,表存在用に；表動作發生的場所用で。
N5,助詞,〜に（時間）,,表示動作發生的時間點「在…（時候）」。,時間名詞 ＋ に,毎日[まいにち] 七時[しちじ]に 起[お]きます。,每天七點起床。,星期、鐘點等具體時間加に；今日、明日等相對時間不加。
N5,助詞,〜に（對象・到達點）,,表示動作的對象或到達點「向…；給…；到…」。,名詞 ＋ に,友[とも]だちに 手紙[てがみ]を 書[か]きます。,寫信給朋友。,常與あげる、もらう、電話する等搭配。
N5,助詞,〜で（場所）,,表示動作進行的場所「在…」。,場所名詞 ＋ で,図書館[としょかん]で 勉強[べんきょう]します。,在圖書館唸書。,動作場所用で，存在場所用に。
N5,助詞,〜で（手段・方法）,,表示手段、工具或方法「用…；搭…」。,名詞 ＋ で,バスで 学校[がっこう]へ 行[い]きます。,搭公車去學校。,也可表材料，如「木（き）で作（つく）る」。
N5,助詞,〜へ,,表示移動的方向或目的地「往…；到…」。,場所名詞 ＋ へ,来週[らいしゅう] 日本[にほん]へ 行[い]きます。,下週要去日本。,作助詞時讀作 e；多可與に互換。
N5,助詞,〜と（一起）,,表示共同動作的對象「和…（一起）」。,名詞 ＋ と,母[はは]と 買[か]い 物[もの]に 行[い]きます。,和媽媽去購物。,常與一緒（いっしょ）に連用。
N5,助詞,〜と（並列）,,表示名詞的完全列舉「…和…」。,名詞 ＋ と ＋ 名詞,机[つくえ]の 上[うえ]に 本[ほん]とペンがあります。,桌上有書和筆。,と是完全列舉；や是舉例列舉。
N5,助詞,〜から,,表示起點「從…（開始）」，可指時間或地點。,名詞 ＋ から,授業[じゅぎょう]は 九時[くじ]から 始[はじ]まります。,課從九點開始。,常與まで搭配成「から〜まで」。
N5,助詞,〜まで,,表示終點「到…（為止）」，可指時間或地點。,名詞 ＋ まで,駅[えき]まで 歩[ある]きます。,走到車站。,與から搭配表示範圍。
N5,助詞,〜や,,舉例列舉「…啦…啦（等等）」，暗示還有其他。,名詞 ＋ や ＋ 名詞,かばんの 中[なか]に 本[ほん]やノートがあります。,包包裡有書、筆記本等等。,常搭配など，如「本やノートなど」。
N5,助詞,〜の（所屬・修飾）,,連接兩個名詞，表所屬或修飾「…的…」。,名詞 ＋ の ＋ 名詞,これは 私[わたし]の 傘[かさ]です。,這是我的傘。,後面名詞可省略，如「私のです」。
N5,助詞,〜も,,表示同類的追加「也…」。,名詞 ＋ も,私[わたし]も 学生[がくせい]です。,我也是學生。,取代は或が的位置，不並用。
N5,助詞,〜ね,,句尾表示徵求同意或確認「…吧；…對吧」。,普通形／丁寧形 ＋ ね,今日[きょう]はいい 天気[てんき]ですね。,今天天氣真好呢。,期待對方認同，語氣親切。
N5,助詞,〜よ,,句尾表示告知對方不知道的資訊「…喔」。,普通形／丁寧形 ＋ よ,この 店[みせ]のケーキはおいしいですよ。,這家店的蛋糕很好吃喔。,提供新資訊或提醒，語氣稍強。
N5,助詞,〜か,,句尾表示疑問「…嗎；…呢」。,普通形／丁寧形 ＋ か,あなたは 学生[がくせい]ですか。,你是學生嗎？,口語疑問句常省略か，靠語調上揚。
N5,助詞,〜ぐらい,,表示大約的數量或程度「大約…；…左右」。,數量詞 ＋ ぐらい,毎日[まいにち] 二時間[にじかん]ぐらい 勉強[べんきょう]します。,每天大約唸兩小時的書。,也寫作くらい，兩者通用。
N5,助詞,〜だけ,,表示限定「只有…；僅…」。,名詞／數量詞 ＋ だけ,日曜日[にちようび]だけ 休[やす]みます。,只有星期日休息。,語氣中性；しか〜ない則帶不足的語感。
N5,助詞,〜より（比較）,,表示比較的基準「比…（更）」。,名詞 ＋ より,今日[きょう]は 昨日[きのう]より 暑[あつ]いです。,今天比昨天熱。,常與ほうが搭配成「〜のほうが〜より」。
N5,助詞,〜に（頻率・比例）,,表示在某期間內的次數或比例「每…（幾次）」。,時間名詞 ＋ に ＋ 次數,一週間[いっしゅうかん]に 三回[さんかい] 運動[うんどう]します。,一週運動三次。,「期間＋に＋次數」的固定用法。
N5,です・ます・指示,〜です,,名詞或形容詞的禮貌斷定「是…；很…」。,名詞／な形容詞／い形容詞 ＋ です,彼[かれ]は 先生[せんせい]です。,他是老師。,です是丁寧語，普通形為だ。
N5,です・ます・指示,〜じゃありません,,名詞・な形容詞的禮貌否定「不是…」。,名詞／な形容詞 ＋ じゃありません,私[わたし]は 日本人[にほんじん]じゃありません。,我不是日本人。,較正式為「ではありません」。
N5,です・ます・指示,〜でした,,名詞・な形容詞的禮貌過去式「（過去）是…」。,名詞／な形容詞 ＋ でした,昨日[きのう]は 休[やす]みでした。,昨天是休息日。,過去否定為「じゃありませんでした」。
N5,です・ます・指示,〜ます,,動詞的禮貌現在／未來肯定式。,動詞ます形,毎朝[まいあさ] 新聞[しんぶん]を 読[よ]みます。,每天早上看報紙。,表習慣或未來的動作。
N5,です・ます・指示,〜ません,,動詞的禮貌否定式「不…」。,動詞ます形（去ます）＋ ません,私[わたし]はお 酒[さけ]を 飲[の]みません。,我不喝酒。,邀約時「〜ませんか」表委婉勸誘。
N5,です・ます・指示,〜ました,,動詞的禮貌過去肯定式「（做了）…」。,動詞ます形（去ます）＋ ました,昨日[きのう] 映画[えいが]を 見[み]ました。,昨天看了電影。,表已完成的動作。
N5,です・ます・指示,〜ませんでした,,動詞的禮貌過去否定式「（當時）沒…」。,動詞ます形（去ます）＋ ませんでした,先週[せんしゅう]はどこへも 行[い]きませんでした。,上週哪裡都沒去。,ました的否定過去。
N5,です・ます・指示,これ／それ／あれ,,指示代名詞「這個／那個／那個（遠）」，指事物。,これ／それ／あれ ＋ は〜,それは 何[なん]ですか。,那是什麼？,これ近己方、それ近對方、あれ雙方皆遠。
N5,です・ます・指示,この／その／あの,,連體詞「這…／那…／那…（遠）」，後接名詞。,この／その／あの ＋ 名詞,この 本[ほん]はとても 面白[おもしろ]いです。,這本書非常有趣。,必須接名詞，不能單獨使用。
N5,です・ます・指示,ここ／そこ／あそこ,,指示場所的代名詞「這裡／那裡／那裡（遠）」。,ここ／そこ／あそこ ＋ は〜,トイレはあそこです。,廁所在那裡。,禮貌形為こちら／そちら／あちら。
N5,です・ます・指示,〜があります／います,,表示存在「有…」。あります用於無生命，います用於有生命。,名詞 ＋ が ＋ あります／います,庭[にわ]に 犬[いぬ]がいます。,院子裡有狗。,植物、物品用あります；人、動物用います。
N5,です・ます・指示,〜は〜にあります,,說明某物所在位置「…在…」。,名詞 ＋ は ＋ 場所 ＋ にあります／います,銀行[ぎんこう]は 駅[えき]の 前[まえ]にあります。,銀行在車站前面。,主題已知用「Aは Bにあります」；描述存在用「Bに Aがあります」。
N5,形容詞,い形〜いです,,い形容詞的禮貌肯定式「很…」。,い形容詞（辭書形）＋ です,この 料理[りょうり]は 辛[から]いです。,這道菜很辣。,い形容詞直接加です，不加だ。
N5,形容詞,い形〜くないです,,い形容詞的禮貌否定式「不…」。,い形容詞（去い）＋ くないです,この 部屋[へや]は 広[ひろ]くないです。,這房間不寬敞。,也可說「〜くありません」。いい→よくない。
N5,形容詞,い形〜かったです,,い形容詞的禮貌過去肯定式「（過去）很…」。,い形容詞（去い）＋ かったです,旅行[りょこう]はとても 楽[たの]しかったです。,旅行非常愉快。,不可說「〜いでした」。いい→よかった。
N5,形容詞,い形〜くなかったです,,い形容詞的禮貌過去否定式「（過去）不…」。,い形容詞（去い）＋ くなかったです,映画[えいが]はあまり 面白[おもしろ]くなかったです。,電影不太有趣。,也可說「〜くありませんでした」。
N5,形容詞,な形〜です,,な形容詞的禮貌肯定式「很…」。,な形容詞（語幹）＋ です,この 町[まち]は 静[しず]かです。,這個城鎮很安靜。,修飾名詞時要加な，如「静かな町」。
N5,形容詞,な形〜じゃないです,,な形容詞的禮貌否定式「不…」。,な形容詞（語幹）＋ じゃないです,この 駅[えき]は 便利[べんり]じゃないです。,這個車站不方便。,也可說「〜ではありません」。
N5,形容詞,〜くて／〜で（並列）,,連接兩個形容詞「又…又…；既…且…」。,い形（去い）＋ くて／な形（語幹）＋ で,この 店[みせ]は 安[やす]くておいしいです。,這家店又便宜又好吃。,い形用くて，な形與名詞用で。
N5,形容詞,〜くなる／〜になる,,表示狀態的變化「變得…」。,い形（去い）＋ くなる／な形・名詞 ＋ になる,春[はる]になって、 暖[あたた]かくなりました。,到了春天，變暖和了。,い形→くなる；な形・名詞→になる。
N5,形容詞,〜のほうが〜より,,兩者比較，表示前者程度較高「…比…（更）…」。,名詞 ＋ のほうが ＋ 名詞 ＋ より,電車[でんしゃ]のほうがバスより 速[はや]いです。,電車比公車快。,疑問句常用「AとBとどちらが〜ですか」。
N5,形容詞,一番〜,いちばん,表示最高級「最…」。,一番 ＋ 形容詞,クラスで 彼[かれ]が 一番[いちばん] 背[せ]が 高[たか]いです。,班上他個子最高。,範圍用「〜の中で」或「〜で」表示。
N5,動詞活用・依頼許可禁止,〜てください,,禮貌的請求或指示「請（做）…」。,動詞て形 ＋ ください,ここに 名前[なまえ]を 書[か]いてください。,請在這裡寫名字。,更禮貌可說「〜てくださいませんか」。
N5,動詞活用・依頼許可禁止,〜ないでください,,禮貌的請求對方不要做「請不要（做）…」。,動詞ない形 ＋ でください,ここで 写真[しゃしん]を 撮[と]らないでください。,請不要在這裡拍照。,て形肯定請求的否定版本。
N5,動詞活用・依頼許可禁止,〜てもいいです,,表示許可「可以（做）…」。,動詞て形 ＋ もいいです,ここで 写真[しゃしん]を 撮[と]ってもいいですか。,可以在這裡拍照嗎？,問句用來請求許可，回答可說「はい、どうぞ」。
N5,動詞活用・依頼許可禁止,〜てはいけません,,表示禁止「不可以（做）…」。,動詞て形 ＋ はいけません,教室[きょうしつ]で 物[もの]を 食[た]べてはいけません。,不可以在教室裡吃東西。,口語常縮成「〜ちゃいけない」。
N5,動詞活用・依頼許可禁止,〜ています（進行・狀態）,,表示動作正在進行或持續的狀態「正在…；…著」。,動詞て形 ＋ います,今[いま]、 電話[でんわ]で 話[はな]しています。,現在正在講電話。,結婚、住む等表持續狀態，如「結婚しています」。
N5,動詞活用・依頼許可禁止,〜てから,,表示動作的先後順序「（做完）…之後（再）…」。,動詞て形 ＋ から,宿題[しゅくだい]をしてから、テレビを 見[み]ます。,做完功課後再看電視。,強調前項完成後才進行後項。
N5,動詞活用・依頼許可禁止,〜ましょう,,表示邀約或提議「（一起）…吧」。,動詞ます形（去ます）＋ ましょう,一緒[いっしょ]に 昼[ひる]ごはんを 食[た]べましょう。,一起吃午餐吧。,「〜ましょうか」表示提議幫忙或詢問。
N5,動詞活用・依頼許可禁止,〜ませんか,,委婉邀請對方「要不要（一起）…呢？」。,動詞ます形（去ます）＋ ませんか,週末[しゅうまつ]、 映画[えいが]を 見[み]に 行[い]きませんか。,週末要不要去看電影？,比ましょう更尊重對方意願。
N5,動詞活用・依頼許可禁止,〜たいです,,表示說話者的願望「想（做）…」。,動詞ます形（去ます）＋ たいです,冷[つめ]たい 水[みず]が 飲[の]みたいです。,想喝冰水。,受詞助詞を可換成が；只用於第一人稱。
N5,動詞活用・依頼許可禁止,〜ながら,,表示同時進行兩個動作「一邊…一邊…」。,動詞ます形（去ます）＋ ながら,音楽[おんがく]を 聞[き]きながら 勉強[べんきょう]します。,一邊聽音樂一邊唸書。,主要動作放在後半句。
N5,動詞活用・依頼許可禁止,〜たことがあります,,表示過去的經驗「曾經（做過）…」。,動詞た形 ＋ ことがあります,日本[にほん]へ 行[い]ったことがあります。,曾經去過日本。,否定為「〜たことがありません」。
N5,動詞活用・依頼許可禁止,〜たり〜たりします,,列舉幾個代表性動作「又是…又是…（等）」。,動詞た形 ＋ り〜動詞た形 ＋ りします,日曜日[にちようび]は 掃除[そうじ]したり 洗濯[せんたく]したりします。,星期日又是打掃又是洗衣服。,暗示還有其他未列舉的動作。
N5,動詞活用・依頼許可禁止,〜まえに,,表示在某動作之前「在…之前」。,動詞辞書形／名詞 ＋ の ＋ まえに,寝[ね]る 前[まえ]に 歯[は]を 磨[みが]きます。,睡覺前刷牙。,動詞用辭書形；名詞需加の。
N5,動詞活用・依頼許可禁止,〜あとで,,表示在某動作之後「在…之後」。,動詞た形／名詞 ＋ の ＋ あとで,ごはんを 食[た]べた 後[あと]で、 薬[くすり]を 飲[の]みます。,吃完飯後吃藥。,動詞用た形；名詞需加の。
N5,動詞活用・依頼許可禁止,〜とき,,表示時間「…的時候」。,動詞辞書形／た形・い形・な形＋な・名詞＋の ＋ とき,日本[にほん]へ 行[い]くとき、カメラを 買[か]いました。,去日本的時候買了相機。,辭書形とき指動作前；た形とき指動作後。
N5,動詞活用・依頼許可禁止,〜なければなりません,,表示義務或必要「必須（做）…」。,動詞ない形（去い）＋ ければなりません,明日[あした]までにレポートを 出[だ]さなければなりません。,明天之前必須交報告。,口語常縮成「〜なきゃ」。
N5,動詞活用・依頼許可禁止,〜なくてもいいです,,表示不必要「不…也可以；不必…」。,動詞ない形（去い）＋ くてもいいです,明日[あした]は 来[こ]なくてもいいです。,明天不來也沒關係。,なければなりません的相對表現。
N5,動詞活用・依頼許可禁止,〜たほうがいいです,,表示建議「最好（做）…比較好」。,動詞た形 ＋ ほうがいいです,早[はや]く 寝[ね]たほうがいいですよ。,早點睡比較好喔。,否定建議用「〜ないほうがいいです」。
N5,動詞活用・依頼許可禁止,〜ないでください（禁止的委婉）,,另一種常見用法，勸阻對方「請別…」。,動詞ない形 ＋ でください,心配[しんぱい]しないでください。,請不要擔心。,語氣比てはいけません柔和。
N5,動詞活用・依頼許可禁止,動詞ない形,,動詞的否定普通形「不…」，為許多句型的基礎。,Ⅰ類：a段＋ない／Ⅱ類：去る＋ない／する→しない・来る→こない,今日[きょう]はどこへも 行[い]かない。,今天哪裡都不去。,是なければ、ないで等句型的基礎。
N5,動詞活用・依頼許可禁止,動詞た形,,動詞的過去普通形「（做了）…」，為許多句型的基礎。,て形的て→た、で→だ（如書いて→書いた）,昨日[きのう]は 早[はや]く 寝[ね]た。,昨天早早就睡了。,是たことがある、たほうがいい等句型的基礎。
N5,動詞活用・依頼許可禁止,〜にする,,表示決定或選擇「決定要…；就選…」。,名詞 ＋ にする,飲[の]み 物[もの]はコーヒーにします。,飲料我要咖啡。,點餐、做決定時常用。
N5,動詞活用・依頼許可禁止,〜くする／〜にする（使變化）,,表示人為使某事物產生變化「把…弄得…」。,い形（去い）＋ くする／な形・名詞 ＋ にする,部屋[へや]をきれいにしました。,把房間整理乾淨了。,なる表自然變化，する表人為改變。
N5,動詞活用・依頼許可禁止,〜てくる／〜ていく,,表示動作的方向或移動「…過來／…過去」。,動詞て形 ＋ くる／いく,ちょっとパンを 買[か]ってきます。,我去買個麵包（就回來）。,てくる含返回原點的語感。
N5,接続・理由・その他,〜から（原因・理由）,,表示主觀的原因或理由「因為…（所以）」。,普通形／丁寧形 ＋ から,時間[じかん]がないから、 急[いそ]ぎましょう。,因為沒時間，快一點吧。,から重主觀理由；ので較客觀委婉。
N5,接続・理由・その他,〜が（逆接）,,連接前後相反的內容「雖然…但是…」。,普通形／丁寧形 ＋ が,この 店[みせ]は 高[たか]いですが、おいしいです。,這家店雖然貴，但很好吃。,書面較常用；口語多用けど。
N5,接続・理由・その他,〜けど,,逆接的口語說法「雖然…但…；不過…」。,普通形／丁寧形 ＋ けど,行[い]きたいけど、 時間[じかん]がありません。,雖然想去，但沒有時間。,けれども＞けれど＞けど，越短越口語。
N5,接続・理由・その他,〜て（並列・繼起）,,連接動作，表示順序或並列「…然後…；…而…」。,動詞て形（連接下一句）,朝[あさ] 起[お]きて、 顔[かお]を 洗[あら]います。,早上起床，然後洗臉。,動作依時間順序排列。
N5,接続・理由・その他,そして,,接續詞，表示追加或順序「而且；然後」。,句子。＋ そして ＋ 句子。,昨日[きのう]は 買[か]い 物[もの]をしました。そして、 映画[えいが]を 見[み]ました。,昨天去購物了。然後看了電影。,用於句首連接兩個句子。
N5,接続・理由・その他,それから,,接續詞，表示動作先後「然後；接著；還有」。,句子。＋ それから ＋ 句子。,宿題[しゅくだい]をします。それから、 寝[ね]ます。,先寫功課。然後睡覺。,也可用來補充追加項目。
N5,接続・理由・その他,でも,,接續詞，表示逆接「可是；不過」。,句子。＋ でも ＋ 句子。,この 服[ふく]はかわいいです。でも、 高[たか]いです。,這件衣服很可愛。不過很貴。,置於句首，口語常用。
N5,接続・理由・その他,〜でしょう,,表示推測「大概…吧；應該…吧」。,普通形（名詞・な形去だ）＋ でしょう,明日[あした]は 雨[あめ]が 降[ふ]るでしょう。,明天大概會下雨吧。,語調上揚時可表徵求同意。
N5,接続・理由・その他,〜つもりです,,表示打算或意圖「打算（做）…」。,動詞辞書形／ない形 ＋ つもりです,夏休[なつやす]みに 国[くに]へ 帰[かえ]るつもりです。,暑假打算回國。,否定打算用「〜ないつもりです」。
N5,接続・理由・その他,〜がほしいです,,表示想要某物「想要…」。,名詞 ＋ がほしいです,新[あたら]しいかばんがほしいです。,想要新的包包。,對象用が；只用於第一人稱的願望。
N5,接続・理由・その他,〜のが好きです,,表示喜歡做某事「喜歡（做）…」。,動詞辞書形 ＋ のが好きです,私[わたし]は 本[ほん]を 読[よ]むのが 好[す]きです。,我喜歡看書。,の把動詞名詞化；對象用が。
N5,接続・理由・その他,〜のが上手です／下手です,,表示做某事的能力「擅長／不擅長（做）…」。,動詞辞書形 ＋ のが上手です／下手です,姉[あね]は 料理[りょうり]を 作[つく]るのが 上手[じょうず]です。,姊姊很擅長做菜。,名詞直接用「名詞が上手です」。
N5,接続・理由・その他,〜という,,介紹名稱「叫做…（的）」。,名詞 ＋ という ＋ 名詞,「すし」という 料理[りょうり]を 食[た]べました。,吃了叫做「壽司」的料理。,用於說明對方可能不知道的名稱。
N5,接続・理由・その他,もう〜ました,,表示已經完成「已經…了」。,もう ＋ 動詞ました,もう 昼[ひる]ごはんを 食[た]べました。,已經吃過午餐了。,否定回答用「いいえ、まだです」。
N5,接続・理由・その他,まだ〜ていません,,表示尚未完成「還沒…」。,まだ ＋ 動詞て形 ＋ いません,宿題[しゅくだい]はまだ 終[お]わっていません。,作業還沒做完。,不說「まだ〜ませんでした」。
N5,接続・理由・その他,まだ〜ています,,表示狀態持續「還在…；仍然…」。,まだ ＋ 動詞て形 ＋ います,父[ちち]はまだ 働[はたら]いています。,父親還在工作。,まだ也可接肯定，如「まだ雨（あめ）です」。
N5,接続・理由・その他,〜ずつ,,表示等量分配「各…；每次…」。,數量詞 ＋ ずつ,一人[ひとり]に 二枚[にまい]ずつ 配[くば]ります。,每人各發兩張。,常表平均分配或逐次進行。
N5,接続・理由・その他,〜でも（例示・提議）,,舉例提議「…之類的（如何）」。,名詞 ＋ でも,お 茶[ちゃ]でも 飲[の]みませんか。,要不要喝點茶之類的？,委婉舉例，不限定於該項。
N5,接続・理由・その他,〜ね／〜よね（確認）,,句尾確認共識「…對吧」，よね帶再確認語氣。,普通形／丁寧形 ＋ よね,明日[あした]の 会議[かいぎ]は 十時[じゅうじ]からですよね。,明天的會議是十點開始對吧？,よね用於自己記得但想再確認時。
N5,接続・理由・その他,〜たいと思います,,委婉表達願望或意圖「想要（做）…」。,動詞ます形（去ます）＋ たいと思います,将来[しょうらい]、 日本[にほん]で 働[はたら]きたいと 思[おも]います。,將來想在日本工作。,比たいです更客氣、委婉。
N5,接続・理由・その他,〜が、〜（前置き）,,作開場白，緩和語氣「…，（不好意思）…」。,丁寧形 ＋ が、,すみませんが、 道[みち]を 教[おし]えてください。,不好意思，請告訴我路怎麼走。,此處が非逆接，只是禮貌的鋪陳。
N4,可能形・自発,〜られる／〜える（可能形）,,會…、能夠…（表示能力或可能）,動詞可能形,私[わたし]は 漢字[かんじ]が 読[よ]めます。,我會讀漢字。,五段動詞語尾改e段＋る；一段動詞去る＋られる
N4,可能形・自発,〜ことができる,,能夠…、可以…,動詞辞書形 ＋ ことができる,日本語[にほんご]を 話[はな]すことができます。,我會說日語。,＝動詞可能形，語感較正式
N4,可能形・自発,〜が見える,みえる,看得見…（自然映入眼簾）,名詞 ＋ が見える,窓[まど]から 海[うみ]が 見[み]えます。,從窗戶可以看見海。,非努力去看，與見られる不同
N4,可能形・自発,〜が聞こえる,きこえる,聽得見…（自然傳入耳中）,名詞 ＋ が聞こえる,鳥[とり]の 声[こえ]が 聞[き]こえます。,聽得見鳥叫聲。,非刻意去聽，與聞ける不同
N4,可能形・自発,〜やすい,,容易…、好…,動詞ます形 ＋ やすい,この 本[ほん]は 分[わ]かりやすいです。,這本書很好懂。,い形容詞變化；反義為〜にくい
N4,可能形・自発,〜にくい,,難以…、不好…,動詞ます形 ＋ にくい,この 薬[くすり]は 飲[の]みにくいです。,這個藥很難吞。,い形容詞變化；反義為〜やすい
N4,可能形・自発,〜方,かた,…的做法、…的方式,動詞ます形 ＋ 方,漢字[かんじ]の 書[か]き 方[かた]を 教[おし]えてください。,請教我漢字的寫法。,名詞化，表方法
N4,可能形・自発,〜ようになる（能力の変化）,,變得會…（能力上從不會到會）,動詞可能形 ＋ ようになる,毎日[まいにち] 練習[れんしゅう]して、 泳[およ]げるようになりました。,每天練習後，變得會游泳了。,強調從不會到會的能力變化
N4,可能形・自発,〜なくなる,,變得不…了、不再…,動詞ない形（去い）＋ くなる,最近[さいきん]、 朝[あさ]ご 飯[はん]を 食[た]べなくなりました。,最近變得不吃早餐了。,〜ようになる的否定變化
N4,可能形・自発,〜こと（名詞化）,,…這件事（將動詞名詞化）,動詞辞書形／普通形 ＋ こと,私[わたし]の 趣味[しゅみ]は 歌[うた]を 歌[うた]うことです。,我的興趣是唱歌。,與〜のが／〜のは用法相近
N4,受身・使役・使役受身,〜られる（受身形）,,被…（表被動）,動詞受身形,先生[せんせい]にほめられました。,被老師稱讚了。,動作者用「に」表示
N4,受身・使役・使役受身,〜に〜られる（迷惑の受身）,めいわく,被…（因某事而受困擾、受害）,名詞に ＋ 動詞受身形,電車[でんしゃ]で 足[あし]を 踏[ふ]まれました。,在電車上被踩到腳。,表達說話者受到麻煩、不快
N4,受身・使役・使役受身,〜は〜に〜を〜られる（持ち主の受身）,もちぬし,（我的東西）被…（所有者受影響）,名詞は ＋ 名詞に ＋ 名詞を ＋ 動詞受身形,私[わたし]は 弟[おとうと]にケーキを 食[た]べられました。,我的蛋糕被弟弟吃掉了。,主語是受影響的所有者，非物品本身
N4,受身・使役・使役受身,〜てある,,…著（有人做好而留下的狀態）,動詞て形 ＋ ある,壁[かべ]に 地図[ちず]が 貼[は]ってあります。,牆上貼著地圖。,他動詞＋てある，強調人為結果狀態
N4,受身・使役・使役受身,〜させる（使役形）,,讓…、使…、叫…（做）,動詞使役形,母[はは]は 妹[いもうと]に 部屋[へや]を 掃除[そうじ]させました。,媽媽叫妹妹打掃房間。,五段語尾改a段＋せる；一段去る＋させる
N4,受身・使役・使役受身,〜させてください,,請讓我…,動詞使役形て ＋ ください,少[すこ]し 休[やす]ませてください。,請讓我休息一下。,客氣地請求許可
N4,受身・使役・使役受身,〜させられる（使役受身）,,被迫…、不得不…,動詞使役受身形,私[わたし]は 先生[せんせい]に 立[た]たされました。,我被老師罰站。,五段可縮約為〜される（立たせられる→立たされる）
N4,受身・使役・使役受身,〜てもらう,,請（別人為我）做…、承蒙…,動詞て形 ＋ もらう,友達[ともだち]に 宿題[しゅくだい]を 手伝[てつだ]ってもらいました。,請朋友幫我做作業。,施惠者用「に」；謙讓為〜ていただく
N4,受身・使役・使役受身,〜ていただく,,承蒙（別人為我）做…（謙讓語）,動詞て形 ＋ いただく,先生[せんせい]に 手紙[てがみ]を 直[なお]していただきました。,承蒙老師幫我修改信件。,〜てもらう的謙讓表現
N4,受身・使役・使役受身,〜させてもらう,,承蒙允許讓我…（我獲得許可去做）,動詞使役形て ＋ もらう,会議[かいぎ]で 意見[いけん]を 言[い]わせてもらいました。,在會議上獲允發表了意見。,謙讓為〜させていただく
N4,受身・使役・使役受身,〜させていただく,,請容我…、承蒙允許我…（謙讓）,動詞使役形て ＋ いただく,明日[あした]、 休[やす]ませていただきます。,明天請容我請假。,非常客氣地徵求許可
N4,受身・使役・使役受身,〜てくれる,,（別人）為我做…,動詞て形 ＋ くれる,姉[あね]が 料理[りょうり]を 作[つく]ってくれました。,姐姐為我做了菜。,施惠者為主語；尊敬為〜てくださる
N4,受身・使役・使役受身,〜てあげる,,（我）為別人做…,動詞て形 ＋ あげる,私[わたし]は 友達[ともだち]に 写真[しゃしん]を 見[み]せてあげました。,我給朋友看了照片。,對長輩慎用；謙讓為〜てさしあげる
N4,受身・使役・使役受身,〜れる（尊敬の受身形）,そんけい,（表尊敬）您做…,動詞受身形,社長[しゃちょう]はもう 帰[かえ]られました。,社長已經回去了。,與受身同形，此處表對對方的尊敬
N4,受身・使役・使役受身,〜てほしい,,希望（別人）做…,動詞て形 ＋ ほしい,手伝[てつだ]ってほしいことがあります。,有件事想請你幫忙。,對象用「に」；否定為〜ないでほしい
N4,条件形,〜ば,,如果…的話（一般條件、假設）,動詞ば形／い形容詞ければ／な形容詞なら,薬[くすり]を 飲[の]めば、 元気[げんき]になります。,吃了藥的話就會好起來。,重前後因果關係，後句多不接意志
N4,条件形,〜なら,,如果是…的話（就對方話題提出建議）,名詞／普通形 ＋ なら,日本[にほん]へ 行[い]くなら、 京都[きょうと]がいいですよ。,如果要去日本的話，京都不錯喔。,承接對方所提話題給建議
N4,条件形,〜たら,,…之後、如果…的話,動詞た形 ＋ ら（普通形過去 ＋ ら）,駅[えき]に 着[つ]いたら、 電話[でんわ]してください。,到車站後請打電話給我。,口語最常用，適用範圍最廣
N4,条件形,〜と（自然な結果）,,一…就…（必然、自然的結果）,動詞辞書形／ない形 ＋ と,春[はる]になると、 桜[さくら]が 咲[さ]きます。,一到春天，櫻花就會開。,後句不接意志、命令、請求
N4,条件形,〜と（道案内・操作）,,一…就…（指路、操作說明的必然結果）,動詞辞書形 ＋ と,この 道[みち]をまっすぐ 行[い]くと、 銀行[ぎんこう]があります。,沿這條路直走，就會有銀行。,指路、機械操作常用
N4,条件形,〜ばよかった,,早知道就…、要是…就好了（後悔）,動詞ば形 ＋ よかった,もっと 早[はや]く 出[で]ればよかったです。,要是早點出門就好了。,表未做而後悔；否定為〜なければよかった
N4,条件形,〜たらどうですか,,…的話怎麼樣？（提出建議）,動詞た形 ＋ らどうですか,医者[いしゃ]に 行[い]ったらどうですか。,去看醫生怎麼樣？,委婉建議；口語可說〜たら？
N4,条件形,〜ても,,即使…也…、就算…,動詞て形 ＋ も（い形容詞くても／な形容詞でも）,雨[あめ]が 降[ふ]っても、 試合[しあい]をします。,即使下雨也要比賽。,逆接假設
N4,条件形,〜なくても,,即使不…也…、就算沒…,動詞ない形（去い）＋ くても,急[いそ]がなくても、 間[ま]に 合[あ]います。,就算不趕也來得及。,〜ても的否定形
N4,条件形,もし〜たら,,萬一…的話、假如…,もし ＋ 動詞た形 ＋ ら,もし 雨[あめ]が 降[ふ]ったら、 行[い]きません。,如果下雨的話就不去。,「もし」加強假設語氣
N4,条件形,〜たら〜た（発見）,はっけん,…之後（發現）…了（意外發現）,動詞た形 ＋ ら ＋ 動詞た形,窓[まど]を 開[あ]けたら、 雪[ゆき]が 降[ふ]っていました。,打開窗戶一看，發現正在下雪。,後句為說話者當場的新發現
N4,条件形,〜たら（依頼・希望の前提）,,…的話（就會…／請…）,動詞た形 ＋ ら,時間[じかん]があったら、 遊[あそ]びに 来[き]てください。,有時間的話請來玩。,後句可接請求、意志（與〜と不同）
N4,条件形,〜ば〜ほど,,越…越…,動詞ば形 ＋ 動詞辞書形 ＋ ほど,考[かんが]えれば 考[かんが]えるほど、 分[わ]からなくなります。,越想越搞不懂。,程度隨之遞增
N4,条件形,〜ないと（いけない）,,不…不行、必須…,動詞ない形 ＋ と（いけない）,もう 行[い]かないと、 遅[おく]れます。,再不走就要遲到了。,口語常省略後半，等同〜なければならない
N4,意志・推量・意向,〜（よ）う（意向形）,いこう,…吧（表意志、邀約）,動詞意向形,少[すこ]し 休[やす]もう。,休息一下吧。,五段語尾改o段＋う；一段去る＋よう
N4,意志・推量・意向,〜（よ）うとする,,打算…、正想要…、試圖…,動詞意向形 ＋ とする,出[で]かけようとしたとき、 電話[でんわ]が 鳴[な]りました。,正想出門時，電話響了。,表動作即將發生或努力嘗試
N4,意志・推量・意向,〜つもり,,打算…、準備…,動詞辞書形／ない形 ＋ つもり,夏休[なつやす]みに 国[くに]へ 帰[かえ]るつもりです。,暑假打算回國。,表個人事前的打算
N4,意志・推量・意向,〜つもりはない,,沒有打算…、無意…,動詞辞書形 ＋ つもりはない,今[いま]の 会社[かいしゃ]をやめるつもりはありません。,我沒有要辭掉現在的公司。,比〜ないつもり語氣更強的否定
N4,意志・推量・意向,〜予定,よてい,預定…、計畫…,動詞辞書形／名詞の ＋ 予定,来週[らいしゅう]、 大阪[おおさか]へ 出張[しゅっちょう]する 予定[よてい]です。,下週預定去大阪出差。,比〜つもり客觀，多指已排定的計畫
N4,意志・推量・意向,〜だろう／でしょう,,大概…吧、應該…吧（推測）,普通形 ＋ だろう／でしょう,明日[あした]は 晴[は]れるでしょう。,明天大概會放晴吧。,でしょう較禮貌；だろう為普通體
N4,意志・推量・意向,〜かもしれない,,也許…、說不定…（可能性低）,普通形 ＋ かもしれない,午後[ごご]から 雨[あめ]が 降[ふ]るかもしれません。,下午說不定會下雨。,確定度低於〜でしょう
N4,意志・推量・意向,〜はず,,應該…（有根據的推斷）,動詞・い形容詞普通形／な形容詞な／名詞の ＋ はず,彼[かれ]はもう 着[つ]いているはずです。,他應該已經到了。,依據理由推論；否定為〜ないはず／〜はずがない
N4,意志・推量・意向,〜と思う,おもう,我覺得…、我認為…,普通形 ＋ と思う,この 映画[えいが]は 面白[おもしろ]いと 思[おも]います。,我覺得這部電影很有趣。,表個人意見或判斷
N4,意志・推量・意向,〜（よ）うと思う,おもう,我打算…、我想要…,動詞意向形 ＋ と思う,今度[こんど]の 休[やす]みに、 山[やま]に 登[のぼ]ろうと 思[おも]います。,這次假期我打算去爬山。,當場決定或最近的打算
N4,意志・推量・意向,〜ことにする,,決定…（說話者自己的決定）,動詞辞書形／ない形 ＋ ことにする,毎朝[まいあさ]、 走[はし]ることにしました。,我決定每天早上跑步。,主觀決定；持續的習慣用〜ことにしている
N4,意志・推量・意向,〜ことになる,,（決定的結果）變成…、定為…,動詞辞書形／ない形 ＋ ことになる,来月[らいげつ]、 東京[とうきょう]へ 転勤[てんきん]することになりました。,下個月要調職到東京了。,非自己決定，多為外部安排的結果
N4,意志・推量・意向,〜（よ）うか（意向の疑問）,,…吧？、要不要…？（提議、詢問意願）,動詞意向形 ＋ か,荷物[にもつ]を 持[も]とうか。,我來幫你拿行李吧？,向對方提議或自問
N4,変化・目的,〜ていく,,…下去、逐漸…（往後、遠離）,動詞て形 ＋ いく,これから、 寒[さむ]くなっていきます。,接下來會漸漸變冷。,時間上朝未來變化；空間上遠離
N4,変化・目的,〜てくる,,…起來、逐漸…（至今、靠近）,動詞て形 ＋ くる,だんだん 暖[あたた]かくなってきました。,漸漸變暖和了。,從過去到現在的變化；空間上靠近
N4,変化・目的,〜ように（目的）,,為了（能）…、以便…,動詞可能形／ない形 ＋ ように,よく 見[み]えるように、 前[まえ]に 座[すわ]りました。,為了看得清楚，我坐到前面。,前接無意志動詞（可能形、ない形）
N4,変化・目的,〜ために（目的）,,為了…,動詞辞書形／名詞の ＋ ために,車[くるま]を 買[か]うために、お 金[かね]を 貯[た]めています。,為了買車正在存錢。,前接意志動詞；前後主語需一致
N4,変化・目的,〜のに（目的・用途）,,用於…、做…用的,動詞辞書形 ＋ のに,この 道具[どうぐ]は 野菜[やさい]を 切[き]るのに 使[つか]います。,這個工具是用來切菜的。,表用途；與逆接的〜のに不同
N4,変化・目的,〜ように言う,いう,囑咐（要）…、叫（某人）…,動詞辞書形／ない形 ＋ ように言う,先生[せんせい]は 静[しず]かにするように 言[い]いました。,老師叫大家安靜。,間接引述指示、請求、勸告
N4,変化・目的,〜ようにする,,盡量…、設法…（有意識地努力）,動詞辞書形／ない形 ＋ ようにする,毎日[まいにち] 野菜[やさい]を 食[た]べるようにしています。,我盡量每天吃蔬菜。,持續努力用〜ようにしている
N4,変化・目的,〜ようになる（習慣の変化）,,變得…、開始（會）…（習慣、狀態的變化）,動詞辞書形／ない形 ＋ ようになる,毎朝[まいあさ]、 早[はや]く 起[お]きるようになりました。,變得每天早起了。,強調習慣或狀態的變化過程
N4,変化・目的,〜ところだ,,正要…、剛要…（動作前）,動詞辞書形 ＋ ところだ,今[いま]から 出[で]かけるところです。,現在正要出門。,動作即將開始
N4,変化・目的,〜ているところだ,,正在…（動作進行中）,動詞ている ＋ ところだ,今[いま]、 宿題[しゅくだい]をしているところです。,現在正在做作業。,強調正處於進行的當下
N4,変化・目的,〜たところだ,,剛…完（動作剛結束）,動詞た形 ＋ ところだ,たった 今[いま]、 家[いえ]に 帰[かえ]ったところです。,我剛回到家。,與〜たばかり相近，強調時間點
N4,変化・目的,〜たばかり,,剛…不久、才剛…,動詞た形 ＋ ばかり,この 会社[かいしゃ]に 入[はい]ったばかりです。,我才剛進這家公司。,主觀感覺時間短，未必客觀剛結束
N4,変化・目的,〜てしまう,,…完了、（不小心）…了（完成／遺憾）,動詞て形 ＋ しまう,大切[たいせつ]な 傘[かさ]をなくしてしまいました。,把重要的傘弄丟了。,表完成或懊悔；口語縮約為〜ちゃう
N4,変化・目的,〜ばかり,,淨是…、老是…、盡…,名詞／動詞て形 ＋ ばかり,弟[おとうと]はゲームばかりしています。,弟弟老是在打電動。,表反覆、偏重同一事物
N4,様態・伝聞・推定,〜そうだ（様態）,,看起來…、好像要…（憑外觀判斷）,動詞ます形／い形容詞（去い）／な形容詞 ＋ そうだ,雨[あめ]が 降[ふ]りそうです。,看起來好像要下雨了。,伝聞的「〜そうだ」接普通形，意思是「聽說」，兩者不同
N4,様態・伝聞・推定,〜そうだ（伝聞）,,聽說…、據說…,普通形 ＋ そうだ,天気予報[てんきよほう]によると、 明日[あした]は 雪[ゆき]が 降[ふ]るそうだ。,根據天氣預報，聽說明天會下雪。,常與「〜によると」搭配表示消息來源
N4,様態・伝聞・推定,〜ようだ,,好像…、似乎…（依據觀察與感覺判斷）,名詞の／な形容詞な／い形容詞・動詞普通形 ＋ ようだ,彼[かれ]はもう 帰[かえ]ったようだ。,他好像已經回去了。,較「〜そうだ」更客觀，書面感較強
N4,様態・伝聞・推定,〜みたいだ,,好像…、似乎…（口語版的ようだ）,名詞／な形容詞／い形容詞・動詞普通形 ＋ みたいだ,誰[だれ]か 来[き]たみたいだ。,好像有誰來了。,「〜みたいだ」是「〜ようだ」的口語形，也可表比喻
N4,様態・伝聞・推定,〜らしい,,好像…、據說…（依外部資訊推測）,名詞／な形容詞／い形容詞・動詞普通形 ＋ らしい,田中[たなか]さんは 風邪[かぜ]をひいたらしい。,田中先生好像感冒了。,根據聽來或看到的資訊推測，客觀性較高
N4,様態・伝聞・推定,〜がする,,感覺到…、有…的感覺（味道、聲音、氣味等）,名詞（音・声・味・におい・気 等）＋ がする,台所[だいどころ]からいいにおいがする。,從廚房傳來很香的味道。,多用於感官感受，如音・声・味・におい・気
N4,様態・伝聞・推定,〜ように見える,,看起來像…、顯得…,名詞の／な形容詞な／い形容詞・動詞普通形 ＋ ように見える,彼女[かのじょ]は 元気[げんき]なように 見[み]える。,她看起來很有精神。,強調「以視覺判斷」的樣子
N4,様態・伝聞・推定,〜っぽい,,帶有…傾向、有…的感覺、容易…,名詞／動詞ます形／い形容詞（去い）＋ っぽい,この 牛乳[ぎゅうにゅう]は 水[みず]っぽい 味[あじ]がする。,這牛奶有股水水的味道。,口語，常含負面或「像…卻不完全是」的語感
N4,様態・伝聞・推定,〜らしい（典型）,,很有…的樣子、像典型的…那樣,名詞 ＋ らしい,今日[きょう]は 春[はる]らしい 暖[あたた]かい 日[ひ]だ。,今天是很有春天氣息的溫暖日子。,此為「典型・符合本質」的用法，非推測用法
N4,様態・伝聞・推定,〜そうにない,,看起來不太可能…、不像會…,動詞ます形 ＋ そうにない,この 仕事[しごと]は 今日中[きょうじゅう]に 終[お]わりそうにない。,這工作看起來今天之內做不完。,「〜そうだ（様態）」的否定，語氣較強
N4,様態・伝聞・推定,〜そうもない,,看起來完全不可能…、絲毫不像會…,動詞ます形 ＋ そうもない,雨[あめ]はやみそうもない。,雨看起來完全不會停。,與「〜そうにない」近義，否定語氣更強
N4,様態・伝聞・推定,〜げ,,顯得…、一副…的樣子,い形容詞（去い）／な形容詞語幹 ＋ げ,子供[こども]が 寂[さび]しげな 顔[かお]をしている。,孩子露出一副寂寞的表情。,多接情感形容詞，如寂しい・楽しい・不安
N4,様態・伝聞・推定,〜がる,,（第三人稱）顯得…、表現出…的樣子,い形容詞（去い）／な形容詞語幹 ＋ がる,弟[おとうと]は 暗[くら]い 所[ところ]を 怖[こわ]がる。,弟弟很怕黑暗的地方。,描述他人情感、感覺，第一人稱不用
N4,様態・伝聞・推定,〜たがる,,（第三人稱）想要…、老想…,動詞ます形 ＋ たがる,子供[こども]はいつもお 菓子[かし]を 食[た]べたがる。,小孩總是想吃零食。,「〜たい」的第三人稱形式，表他人願望
N4,様態・伝聞・推定,〜たがっている,,（第三人稱）正想要…、一直想…,動詞ます形 ＋ たがっている,彼[かれ]は 新[あたら]しい 車[くるま]を 買[か]いたがっている。,他一直想買新車。,強調當下持續的願望狀態，比「たがる」更具體
N4,様態・伝聞・推定,〜って（口語伝聞）,,聽說…、據說…（口語）,普通形 ＋ って,田中[たなか]さん、 来週[らいしゅう] 引[ひ]っ 越[こ]すんだって。,聽說田中先生下週要搬家。,口語轉述，等同書面的「〜そうだ（伝聞）」
N4,授受（てあげる系）,〜てさしあげる,,（我）為（尊長）做…（謙讓語）,動詞て形 ＋ さしあげる,お 客様[きゃくさま]に 道[みち]を 教[おし]えてさしあげた。,我為客人指了路。,「〜てあげる」的謙讓形，但對上位者用需留意可能顯得高姿態
N4,授受（てあげる系）,〜てくださる,,（尊長）為我做…（尊敬語）,動詞て形 ＋ くださる,先生[せんせい]が 推薦状[すいせんじょう]を 書[か]いてくださった。,老師為我寫了推薦信。,「〜てくれる」的尊敬形，主語是上位者
N4,授受（てあげる系）,〜てやる,,（我）為晚輩・動植物做…,動詞て形 ＋ やる,毎朝[まいあさ] 犬[いぬ]を 散歩[さんぽ]に 連[つ]れて 行[い]ってやる。,我每天早上帶狗去散步。,對象為晚輩、寵物、植物，口語有時帶強烈語氣
N4,授受（てあげる系）,お〜する（謙譲）,,（我謙遜地）為對方做…,お ＋ 動詞ます形 ＋ する,お 荷物[にもつ]をお 持[も]ちします。,我來幫您拿行李。,謙讓語基本句型，降低自己以抬高對方
N4,授受（てあげる系）,〜てくれない？,,可以幫我…嗎？（口語請求）,動詞て形 ＋ くれない？,ちょっと 手伝[てつだ]ってくれない？,可以幫我一下嗎？,對親近者的口語請求，比「〜てください」隨意
N4,授受（てあげる系）,〜てもらえませんか,,能否請您為我…呢？（禮貌請求）,動詞て形 ＋ もらえませんか,この 漢字[かんじ]の 読[よ]み 方[かた]を 教[おし]えてもらえませんか。,能否請您教我這個漢字的讀法呢？,禮貌請求，更客氣可用「〜ていただけませんか」
N4,敬語,〜れる／られる（尊敬）,,（表尊敬）您做…,動詞ない形（去ない）＋ れる／られる,社長[しゃちょう]はもう 帰[かえ]られました。,社長已經回去了。,尊敬語，與被動同形，語氣較「お〜になる」輕
N4,敬語,お〜になる,,（尊敬）您做…,お ＋ 動詞ます形 ＋ になる,先生[せんせい]はもうお 帰[かえ]りになりました。,老師已經回去了。,和語動詞的尊敬語基本型，比「〜れる」更禮貌
N4,敬語,ご〜になる,,（尊敬）您做…（漢語動詞）,ご ＋ 漢語名詞（する動詞語幹）＋ になる,先生[せんせい]はいつご 出発[しゅっぱつ]になりますか。,老師您什麼時候出發呢？,漢語サ變動詞多用「ご」，和語動詞用「お」
N4,敬語,いらっしゃる,,在／來／去（尊敬語）,「いる・来る・行く」的尊敬語動詞,先生[せんせい]は 今[いま] 研究室[けんきゅうしつ]にいらっしゃいます。,老師現在在研究室。,同時是いる・来る・行く三者的尊敬語
N4,敬語,召し上がる,めしあがる,吃、喝（尊敬語）,「食べる・飲む」的尊敬語動詞,どうぞ、ケーキを 召[め]し 上[あ]がってください。,請享用蛋糕。,「食べる・飲む」的尊敬語
N4,敬語,ご覧になる,ごらんになる,看（尊敬語）,「見る」的尊敬語動詞,この 写真[しゃしん]をご 覧[らん]になりましたか。,您看過這張照片了嗎？,「見る」的尊敬語；謙讓語為「拝見する」
N4,敬語,おっしゃる,,說（尊敬語）,「言う」的尊敬語動詞,お 名前[なまえ]は 何[なん]とおっしゃいますか。,請問您貴姓大名？,「言う」的尊敬語；謙讓語為「申す・申し上げる」
N4,敬語,なさる,,做（尊敬語）,「する」的尊敬語動詞,週末[しゅうまつ]は 何[なに]をなさいますか。,您週末要做什麼呢？,「する」的尊敬語；謙讓語為「いたす」
N4,敬語,くださる,,給（我）（尊敬語）,「くれる」的尊敬語動詞,先生[せんせい]が 本[ほん]をくださった。,老師給了我書。,「くれる」的尊敬語，ます形為「くださいます」
N4,敬語,お〜する／ご〜する（謙譲語）,,（謙遜地）為您做…（謙讓語基本型）,お ＋ 動詞ます形 ＋ する／ご ＋ 漢語名詞 ＋ する,私[わたし]が 駅[えき]までお 送[おく]りします。,由我送您到車站。,謙讓語基本型，漢語動詞用「ご〜する」
N4,敬語,いたす,,做（謙讓語）,「する」的謙讓語動詞,ご 案内[あんない]いたします。,由我為您帶路。,「する」的謙讓語；尊敬語為「なさる」
N4,敬語,参る,まいる,去、來（謙讓語）,「行く・来る」的謙讓語動詞,明日[あした]またこちらへ 参[まい]ります。,明天我會再到這裡來。,「行く・来る」的謙讓語；尊敬語為「いらっしゃる」
N4,敬語,申す,もうす,說、叫（謙讓語）,「言う」的謙讓語動詞,私[わたし]は 林[りん]と 申[もう]します。,我姓林。,「言う」的謙讓語；更禮貌用「申し上げる」
N4,敬語,拝見する,はいけんする,看、拜讀（謙讓語）,「見る」的謙讓語動詞,お 手紙[てがみ]を 拝見[はいけん]しました。,我拜讀了您的來信。,「見る」的謙讓語；尊敬語為「ご覧になる」
N4,接続・その他,〜し（並列・理由）,,又…又…、既…而且…（並列或列舉理由）,普通形 ＋ し,この 店[みせ]は 安[やす]いし、おいしい。,這家店又便宜又好吃。,可列舉多項理由，暗示還有其他原因
N4,接続・その他,〜のに,,明明…卻…、雖然…（含意外或不滿）,名詞な／な形容詞な／い形容詞・動詞普通形 ＋ のに,薬[くすり]を 飲[の]んだのに、 熱[ねつ]が 下[さ]がらない。,明明吃了藥，燒卻沒退。,帶有意外、不滿的語氣，比「〜が」更主觀
N4,接続・その他,〜ので,,因為…（客觀理由）,名詞な／な形容詞な／い形容詞・動詞普通形 ＋ ので,頭[あたま]が 痛[いた]いので、 早[はや]く 帰[かえ]ります。,因為頭痛，我要早點回去。,語氣較「から」客氣委婉，多用於客觀因果
N4,接続・その他,〜ため（に）,,因為…、為了…,名詞の／な形容詞な／い形容詞・動詞普通形 ＋ ため（に）,事故[じこ]のため、 電車[でんしゃ]が 遅[おく]れている。,因為事故，電車誤點了。,書面語，可表原因或目的，視前後文判斷
N4,接続・その他,〜場合,ばあい,在…的情況下、如果…時,名詞の／な形容詞な／い形容詞・動詞普通形 ＋ 場合,地震[じしん]の 場合[ばあい]は、エレベーターを 使[つか]わないでください。,地震時請勿使用電梯。,多用於說明規則、假設的狀況
N4,接続・その他,〜間に,あいだに,在…的期間內（做某事）,名詞の／な形容詞な／い形容詞・動詞辞書形・ている形 ＋ 間に,母[はは]が 寝[ね]ている 間[あいだ]に、 宿題[しゅくだい]をした。,趁媽媽睡覺的期間，我做了功課。,強調在某段時間內完成某動作（瞬間性）
N4,接続・その他,〜間,あいだ,在…的整段期間（持續）,名詞の／な形容詞な／い形容詞・動詞辞書形・ている形 ＋ 間,夏休[なつやす]みの 間[あいだ]、ずっと 祖母[そぼ]の 家[いえ]にいた。,整個暑假期間我都待在祖母家。,強調持續的動作或狀態，後項也是持續的
N4,接続・その他,〜うちに,,趁著…的時候、在…之際,名詞の／な形容詞な／い形容詞・動詞辞書形・ている形・ない形 ＋ うちに,熱[あつ]いうちに、 召[め]し 上[あ]がってください。,請趁熱享用。,「〜ないうちに」表示趁還沒…之前
N4,接続・その他,〜ずに,,不…（就）、沒有…（而）,動詞ない形（去ない）＋ ずに,朝[あさ]ご 飯[はん]を 食[た]べずに 学校[がっこう]へ 行[い]った。,沒吃早餐就去學校了。,書面語，等同「〜ないで」；「する」→「せずに」
N4,接続・その他,〜ないで,,不…（就）、別…,動詞ない形 ＋ で,電気[でんき]を 消[け]さないで 寝[ね]てしまった。,沒關燈就睡著了。,口語，也可用於請求「〜ないでください」
N4,接続・その他,〜まま,,就那樣…、保持…的狀態,名詞の／な形容詞な／い形容詞・動詞た形・ない形 ＋ まま,窓[まど]を 開[あ]けたまま 出[で]かけてしまった。,就那樣開著窗出門了。,表狀態未變、維持原樣進行下一動作
N4,接続・その他,〜という（名詞修飾）,,叫做…的、名為…的,名詞 ＋ という ＋ 名詞,「 君[きみ]の 名[な]は。」というアニメを 見[み]ました。,我看了一部叫《你的名字》的動畫。,用於介紹對方不知道的人名、地名、事物名
N4,接続・その他,〜かどうか,,是否…、…與否,名詞／な形容詞語幹／い形容詞・動詞普通形 ＋ かどうか,彼[かれ]が 来[く]るかどうか 分[わ]からない。,不知道他是否會來。,疑問句中沒有疑問詞時用「かどうか」
N4,接続・その他,〜か〜か,,是…還是…、…或…,名詞／普通形 ＋ か ＋ 名詞／普通形 ＋ か,コーヒーか 紅茶[こうちゃ]か、どちらがいいですか。,咖啡還是紅茶，您想要哪個？,列舉兩個以上選項，句中含疑問詞時用「〜か」
N4,接続・その他,〜たらいい,,…就好了、…比較好（建議）,動詞た形 ＋ らいい,分[わ]からない 時[とき]は、 先生[せんせい]に 聞[き]いたらいいですよ。,不懂的時候，問老師就好囉。,用於給建議，比「〜ばいい」口語
N4,接続・その他,〜といい,,…就好了、希望…（願望）,動詞辞書形 ＋ といい,明日[あした]、 晴[は]れるといいですね。,明天要是放晴就好了呢。,表達期望、祝願，多用於好事
N4,接続・その他,〜なさい,,請…、要…（長輩對晚輩的命令）,動詞ます形 ＋ なさい,早[はや]く 寝[ね]なさい。,快點去睡覺。,父母對子女、老師對學生的溫和命令語氣
N4,接続・その他,〜こと（規則）,,必須…、規定要…（書面規則）,動詞辞書形／ない形 ＋ こと,廊下[ろうか]を 走[はし]らないこと。,不准在走廊奔跑。,用於告示、規則的書面命令，簡潔正式
N4,接続・その他,〜な（禁止）,,不准…、別…（強烈禁止）,動詞辞書形 ＋ な,危[あぶ]ないから、 触[さわ]るな。,很危險，別碰。,語氣強烈粗魯，多用於男性、告示、緊急時
N4,接続・その他,〜ても構わない,〜てもかまわない,…也沒關係、可以…,動詞て形／い形容詞くて／名詞・な形容詞で ＋ も構わない,ここで 写真[しゃしん]を 撮[と]っても 構[かま]いません。,在這裡拍照也沒關係。,表許可，與「〜てもいい」近義，語氣略正式
N3,判断・説明・当然,〜わけだ,,難怪…、也就是說…、當然…,普通形 ＋ わけだ,三年[さんねん]も 住[す]んでいたのか。 日本語[にほんご]が 上手[じょうず]なわけだ。,住了三年啊，難怪日語這麼好。,表示根據前提得出的必然結論
N3,判断・説明・当然,〜わけではない,,並不是…、也不是說…,普通形 ＋ わけではない,肉[にく]が 嫌[きら]いなわけではないが、あまり 食[た]べない。,並不是討厭肉，只是不太吃。,部分否定，語氣婉轉
N3,判断・説明・当然,〜わけがない,,不可能…、絕不會…,普通形 ＋ わけがない,彼[かれ]がそんな 嘘[うそ]をつくわけがない。,他不可能說那種謊。,強烈主觀否定，＝はずがない
N3,判断・説明・当然,〜わけにはいかない,,不能…（因情理、道義而不能做）,動詞辞書形／ない形 ＋ わけにはいかない,明日[あした]は 試験[しけん]だから、 休[やす]むわけにはいかない。,明天要考試，不能請假。,受心理或社會因素限制而不能做
N3,判断・説明・当然,〜はずだ,,應該…、理應…,普通形 ＋ はずだ,彼女[かのじょ]は 先週[せんしゅう] 予約[よやく]したから、 来[く]るはずだ。,她上週預約了，應該會來。,根據依據做出的推測
N3,判断・説明・当然,〜はずがない,,不可能…、按理不會…,普通形 ＋ はずがない,こんな 簡単[かんたん]な 問題[もんだい]を 間違[まちが]えるはずがない。,這麼簡單的題目不可能會做錯。,有根據的否定推測
N3,判断・説明・当然,〜に違いない,ちがいない,一定是…、肯定…,普通形（な形・名詞は語幹） ＋ に違いない,電気[でんき]がついている。 誰[だれ]か 家[いえ]にいるに 違[ちが]いない。,燈亮著，家裡一定有人。,說話者有把握的推斷
N3,判断・説明・当然,〜に決まっている,きまっている,一定…、肯定就是…,普通形（な形・名詞は語幹） ＋ に決まっている,そんな 話[はなし]、 嘘[うそ]に 決[き]まっている。,那種話一定是假的。,比に違いない更主觀、口語
N3,判断・説明・当然,〜ものだ,,本來就…、理應…（普遍道理）,動詞辞書形／い形容詞／な形容詞な ＋ ものだ,子供[こども]は 元気[げんき]に 遊[あそ]ぶものだ。,小孩本來就該活蹦亂跳地玩耍。,表示常理、本質或感慨
N3,判断・説明・当然,〜ものではない,,不應該…、不該做…,動詞辞書形 ＋ ものではない,人[ひと]の 悪口[わるぐち]を 言[い]うものではない。,不該說別人的壞話。,帶告誡意味的社會常識
N3,判断・説明・当然,〜ことだ,,最好…、應該…（忠告）,動詞辞書形／ない形 ＋ ことだ,上手[じょうず]になりたいなら、 毎日[まいにち] 練習[れんしゅう]することだ。,想變厲害的話，就該每天練習。,對特定對象的建議、忠告
N3,判断・説明・当然,〜ことはない,,用不著…、沒必要…,動詞辞書形 ＋ ことはない,君[きみ]のせいじゃないから、 謝[あやま]ることはない。,不是你的錯，用不著道歉。,表示沒有必要，安慰或勸阻
N3,判断・説明・当然,〜というものだ,,這才是…、實在是…,名詞／普通形 ＋ というものだ,困[こま]ったときに 助[たす]け 合[あ]うのが 友達[ともだち]というものだ。,困難時互相幫助，這才叫朋友。,對事物本質下斷言或評論
N3,判断・説明・当然,〜っけ,,…來著？（確認記憶）,普通形／です・ます ＋ っけ,明日[あした]の 集合[しゅうごう]は 何時[なんじ]だっけ。,明天幾點集合來著？,口語，用於回想不確定的事
N3,判断・説明・当然,〜ということだ,,據說…、也就是說…,普通形 ＋ ということだ,天気予報[てんきよほう]によると、 明日[あした]は 雨[あめ]ということだ。,根據天氣預報，明天會下雨。,傳聞或對前文的歸納結論
N3,判断・説明・当然,〜とは限らない,かぎらない,未必…、不一定…,普通形 ＋ とは限らない,高[たか]いものが 必[かなら]ずいいとは 限[かぎ]らない。,貴的東西未必一定好。,部分否定，常與必ずしも呼應
N3,判断・説明・当然,〜のではないか,,是不是…、恐怕…吧,普通形 ＋ のではないか,この 計画[けいかく]は 少[すこ]し 無理[むり]があるのではないか。,這個計畫是不是有點勉強呢？,委婉表達自己的判斷或擔憂
N3,判断・説明・当然,〜まい,,不會…吧、絕不…（否定意志・推測）,動詞辞書形 ＋ まい,あんな 失礼[しつれい]な 店[みせ]には 二度[にど]と 行[い]くまい。,那麼失禮的店，我絕不會再去了。,書面語，否定推測或決心
N3,判断・説明・当然,〜つもりだ,,自認為…、以為…（其實不然）,動詞た形／ている ＋ つもりだ,ちゃんと 説明[せつめい]したつもりだが、 伝[つた]わっていなかった。,我自認已解釋清楚了，但對方沒聽懂。,與事實有落差的主觀認定
N3,時間・場面・範囲,〜ないうちに,,趁還沒…之前,動詞ない形 ＋ うちに,暗[くら]くならないうちに 家[いえ]に 帰[かえ]ろう。,趁天還沒黑回家吧。,在變化發生前完成動作
N3,時間・場面・範囲,〜たびに,,每次…就…,動詞辞書形／名詞の ＋ たびに,この 写真[しゃしん]を 見[み]るたびに、 学生時代[がくせいじだい]を 思[おも]い 出[だ]す。,每次看到這張照片，就想起學生時代。,每逢…都伴隨同樣情形
N3,時間・場面・範囲,〜とたん(に),,剛一…就…（瞬間）,動詞た形 ＋ とたん(に),ドアを 開[あ]けたとたんに、 猫[ねこ]が 飛[と]び 出[だ]した。,才一開門，貓就衝了出去。,前後緊接，後項多為意外
N3,時間・場面・範囲,〜か〜ないかのうちに,,剛…還沒…就…,動詞辞書形 ＋ か ＋ 動詞ない形 ＋ かのうちに,彼[かれ]は 席[せき]に 着[つ]くか 着[つ]かないかのうちに、 話[はな]し 始[はじ]めた。,他剛坐下還沒坐穩就開始說話了。,兩動作幾乎同時發生
N3,時間・場面・範囲,〜最中に,さいちゅうに,正在…的時候,動詞ている／名詞の ＋ 最中に,会議[かいぎ]の 最中[さいちゅう]に、 電話[でんわ]が 鳴[な]り 出[だ]した。,正在開會時，電話響了起來。,正進行到最高潮時被打斷
N3,時間・場面・範囲,〜ところに/へ,,正當…的時候（發生了…）,動詞辞書形／ている／た形 ＋ ところに/へ,出[で]かけようとしたところに、 電話[でんわ]がかかってきた。,正要出門時，來了電話。,在某時間點插入新事態
N3,時間・場面・範囲,〜つつ,,一邊…一邊…、雖然…,動詞ます形 ＋ つつ,音楽[おんがく]を 聞[き]きつつ、レポートを 書[か]いた。,一邊聽音樂一邊寫報告。,書面語，同時進行或逆接
N3,時間・場面・範囲,〜ながら(も),,雖然…卻…、儘管…,動詞ます形／い形容詞／な形容詞／名詞 ＋ ながら(も),彼[かれ]は 貧[まず]しいながらも、いつも 笑顔[えがお]を 絶[た]やさない。,他雖然貧窮，卻總是面帶笑容。,逆接，前後內容相反
N3,時間・場面・範囲,〜きり,,…之後就再也…、就那一次,動詞た形 ＋ きり,彼[かれ]は 五年前[ごねんまえ]に 国[くに]へ 帰[かえ]ったきり、 連絡[れんらく]がない。,他五年前回國之後就再也沒聯絡了。,後接否定，表示狀態一直持續
N3,時間・場面・範囲,〜次第,しだい,一…就立刻…,動詞ます形／名詞 ＋ 次第,詳[くわ]しい 情報[じょうほう]が 分[わ]かり 次第[しだい]、ご 連絡[れんらく]します。,一得知詳細資訊就立刻與您聯絡。,書面正式，前項完成後馬上做後項
N3,時間・場面・範囲,〜において,,在…（場所・領域・時間）,名詞 ＋ において,その 大会[たいかい]は 東京[とうきょう]において 開催[かいさい]された。,那場大會在東京舉行。,書面語，表示場合、範疇
N3,時間・場面・範囲,〜にわたって,,歷經…、涉及…（整個範圍）,名詞 ＋ にわたって,工事[こうじ]は 三年[さんねん]にわたって 続[つづ]けられた。,工程持續進行了長達三年。,表示時間、空間的大範圍
N3,時間・場面・範囲,〜を通じて,つうじて,透過…、在整個…期間,名詞 ＋ を通じて,インターネットを 通[つう]じて、 世界中[せかいじゅう]の 人[ひと]と 交流[こうりゅう]できる。,透過網路，可以和全世界的人交流。,表示手段媒介，或全期間
N3,時間・場面・範囲,〜際,さい,…的時候（正式）,動詞辞書形／た形／名詞の ＋ 際,お 降[お]りの 際[さい]は、 足元[あしもと]にご 注意[ちゅうい]ください。,下車時請注意腳下安全。,書面禮貌，＝とき
N3,時間・場面・範囲,〜上で,うえで,在…之後再…、在…方面,動詞た形／名詞の ＋ 上で,家族[かぞく]と 相談[そうだん]した 上[うえ]で、お 返事[へんじ]します。,和家人商量後再給您答覆。,先完成前項為前提再做後項
N3,時間・場面・範囲,〜からには,,既然…就（該）…,動詞普通形／名詞である ＋ からには,約束[やくそく]したからには、 必[かなら]ず 守[まも]る。,既然約定了，就一定會遵守。,既然如此後項多為決心、義務
N3,時間・場面・範囲,〜以上は,いじょうは,既然…就…,動詞普通形／名詞である ＋ 以上は,引[ひ]き 受[う]けた 以上[いじょう]は、 最後[さいご]までやります。,既然接下了，就會做到最後。,與からには相近，語氣較正式
N3,程度・変化・傾向,〜ほど,,到了…的程度,動詞辞書形／い形容詞／名詞 ＋ ほど,今日[きょう]は 歩[ある]けないほど 疲[つか]れた。,今天累到走不動的地步。,用具體例子形容程度
N3,程度・変化・傾向,〜くらい/ぐらい,,…左右、到…的程度,動詞普通形／名詞／い形容詞 ＋ くらい/ぐらい,涙[なみだ]が 出[で]るくらい 笑[わら]った。,笑到快要流眼淚的程度。,以極端例子表達程度
N3,程度・変化・傾向,〜つつある,,正在逐漸…,動詞ます形 ＋ つつある,地球[ちきゅう]の 環境[かんきょう]は 年々[ねんねん] 悪化[あっか]しつつある。,地球的環境正在逐年惡化。,書面語，表變化持續進行
N3,程度・変化・傾向,〜一方だ,いっぽうだ,一味地…、越來越…,動詞辞書形 ＋ 一方だ,物価[ぶっか]は 上[あ]がる 一方[いっぽう]だ。,物價一味地往上漲。,朝單一方向持續變化
N3,程度・変化・傾向,〜がち,,容易…、往往…,動詞ます形／名詞 ＋ がち,冬[ふゆ]は 風邪[かぜ]をひきがちだ。,冬天容易感冒。,多為負面傾向
N3,程度・変化・傾向,〜気味,ぎみ,有點…的感覺、稍微…,動詞ます形／名詞 ＋ 気味,最近[さいきん] 少[すこ]し 疲[つか]れ 気味[ぎみ]です。,最近有點疲累的感覺。,帶有某種傾向、多偏負面
N3,程度・変化・傾向,〜だらけ,,滿是…、全是…,名詞 ＋ だらけ,転[ころ]んで、 服[ふく]が 泥[どろ]だらけになった。,跌倒後，衣服沾滿了泥巴。,多為負面、髒亂、大量
N3,程度・変化・傾向,〜まみれ,,沾滿…、渾身是…,名詞 ＋ まみれ,汗[あせ]まみれになって 働[はたら]いた。,渾身是汗地工作。,限液體、粉末等附著物
N3,程度・変化・傾向,〜きる,,…完、徹底…,動詞ます形 ＋ きる,長[なが]い 小説[しょうせつ]を 一日[いちにち]で 読[よ]みきった。,一天內把長篇小說讀完了。,表示完全做完或達到極限
N3,程度・変化・傾向,〜きれない,,…不完、無法完全…,動詞ます形 ＋ きれない,料理[りょうり]が 多[おお]すぎて、 食[た]べきれない。,菜太多了，吃不完。,きる的否定，數量或程度超出
N3,程度・変化・傾向,〜かける,,…到一半、正要…,動詞ます形 ＋ かける,言[い]いかけて、やめてしまった。,話說到一半就停了下來。,動作進行中途、尚未完成
N3,程度・変化・傾向,〜かけ,,…到一半的（狀態）,動詞ます形 ＋ かけ,机[つくえ]の 上[うえ]に 読[よ]みかけの 本[ほん]がある。,桌上有一本讀到一半的書。,名詞化，指中途未完的狀態
N3,程度・変化・傾向,〜ぬく,,…到底、堅持…完,動詞ます形 ＋ ぬく,苦[くる]しかったが、 最後[さいご]まで 走[はし]りぬいた。,雖然很痛苦，但堅持跑到了最後。,強調克服困難堅持完成
N3,程度・変化・傾向,〜がたい,,難以…、很難…,動詞ます形 ＋ がたい,彼[かれ]の 話[はなし]はどうも 信[しん]じがたい。,他的話實在難以相信。,書面語，心理上難以做到
N3,程度・変化・傾向,〜づらい,,難以…、不好…（費力）,動詞ます形 ＋ づらい,この 字[じ]は 小[ちい]さくて 読[よ]みづらい。,這個字太小了，很難閱讀。,因主觀困難而不易做
N3,程度・変化・傾向,〜得る,える,可能…、能夠…,動詞ます形 ＋ 得る,そんなことは 十分[じゅうぶん]あり 得[え]る。,那種事情完全有可能發生。,表示可能性，書面語
N3,条件・逆接・仮定,〜さえ〜ば,,只要…就…,名詞 ＋ さえ ＋ 動詞ば形,お 金[かね]さえあれば、 何[なん]でも 買[か]える。,只要有錢，什麼都買得到。,強調唯一的必要條件
N3,条件・逆接・仮定,〜さえ,,連…都…,名詞 ＋ さえ,忙[いそが]しくて、 食事[しょくじ]をする 時間[じかん]さえない。,忙到連吃飯的時間都沒有。,舉極端例子強調
N3,条件・逆接・仮定,〜たとえ〜ても,,即使…也…,たとえ ＋ 動詞て形／い形容詞くて ＋ も,たとえ 雨[あめ]が 降[ふ]っても、 試合[しあい]は 行[おこな]われる。,即使下雨，比賽也照常舉行。,假設逆接，讓步條件
N3,条件・逆接・仮定,〜からといって,,雖說…但也不…,普通形 ＋ からといって,安[やす]いからといって、 質[しつ]が 悪[わる]いとは 限[かぎ]らない。,雖說便宜，但也未必品質差。,後接部分否定，不能一概而論
N3,条件・逆接・仮定,〜ものの,,雖然…但是…,普通形（な形・名詞である） ＋ ものの,免許[めんきょ]は 取[と]ったものの、 一度[いちど]も 運転[うんてん]していない。,雖然考到了駕照，卻一次也沒開過車。,書面語逆接，前後不一致
N3,条件・逆接・仮定,〜くせに,,明明…卻…（帶不滿）,普通形（な形容詞な／名詞の） ＋ くせに,知[し]っているくせに、 教[おし]えてくれない。,明明知道卻不告訴我。,含責難、輕蔑語氣
N3,条件・逆接・仮定,〜ながらも,,雖然…卻…,動詞ます形／い形容詞／な形容詞／名詞 ＋ ながらも,残念[ざんねん]ながらも、その 結果[けっか]を 受[う]け 入[い]れた。,雖然遺憾，還是接受了那個結果。,逆接，語氣較書面
N3,条件・逆接・仮定,〜としても,,即使…也…,普通形 ＋ としても,本当[ほんとう]だとしても、 私[わたし]は 信[しん]じない。,即使是真的，我也不會相信。,假設某情況成立仍不改變結果
N3,条件・逆接・仮定,〜にしても,,即使…也…、就算…,普通形／名詞 ＋ にしても,冗談[じょうだん]にしても、 言[い]っていいことと 悪[わる]いことがある。,就算是開玩笑，也有該說和不該說的話。,讓步，前項雖成立但…
N3,条件・逆接・仮定,〜にしろ,,無論…、即使…,普通形／名詞 ＋ にしろ,行[い]くにしろ 行[い]かないにしろ、 早[はや]く 決[き]めてください。,無論去或不去，都請早點決定。,與にせよ同義，較口語書面兼用
N3,条件・逆接・仮定,〜にせよ,,無論…、即使…,普通形／名詞 ＋ にせよ,どんな 理由[りゆう]があるにせよ、 暴力[ぼうりょく]はいけない。,無論有什麼理由，暴力都是不對的。,書面語，讓步條件
N3,条件・逆接・仮定,〜どころか,,別說…、非但…反而…,普通形（な形・名詞は語幹） ＋ どころか,貯金[ちょきん]どころか、 借金[しゃっきん]まである。,別說存款了，甚至還有負債。,程度遠超預想，強烈對比
N3,条件・逆接・仮定,〜というより,,與其說…不如說…,普通形／名詞 ＋ というより,彼[かれ]は 優[やさ]しいというより、 気[き]が 弱[よわ]いだけだ。,與其說他溫柔，不如說只是懦弱。,換一種更貼切的說法
N3,条件・逆接・仮定,〜かわりに,,代替…、作為交換…,動詞普通形／名詞の ＋ かわりに,課長[かちょう]のかわりに、 私[わたし]が 会議[かいぎ]に 出[で]た。,我代替課長出席了會議。,替代或補償的關係
N3,条件・逆接・仮定,〜反面,はんめん,另一方面…、相反地…,普通形（な形容詞な／名詞である） ＋ 反面,この 仕事[しごと]は 給料[きゅうりょう]がいい 反面[はんめん]、 責任[せきにん]も 重[おも]い。,這份工作薪水好，但相對地責任也重。,同一事物兩個相反面向
N3,条件・逆接・仮定,〜一方(で),いっぽう,一方面…另一方面…,普通形（な形容詞な／名詞である） ＋ 一方(で),彼[かれ]は 厳[きび]しい 一方[いっぽう]で、 優[やさ]しい 面[めん]もある。,他一方面嚴格，另一方面也有溫柔的一面。,並列對比兩種面向
N3,条件・逆接・仮定,〜に比べて,くらべて,與…相比,名詞 ＋ に比べて,去年[きょねん]に 比[くら]べて、 今年[ことし]は 雨[あめ]が 多[おお]い。,和去年相比，今年雨量較多。,表示比較基準
N3,条件・逆接・仮定,〜わりに(は),,雖然…但相對而言…,普通形（な形容詞な／名詞の） ＋ わりに(は),この 店[みせ]は 値段[ねだん]のわりに、 量[りょう]が 多[おお]い。,這家店以價格來說，份量算多的。,與預期程度不成比例
N3,条件・逆接・仮定,〜ば〜のに,,如果…就好了（可惜沒有）,動詞ば形 ＋ 〜のに,もっと 早[はや]く 出[で]ればよかったのに。,早點出門就好了，真可惜。,與事實相反的假設與遺憾
N3,条件・逆接・仮定,〜たら〜のに,,要是…就好了（可惜沒能）,動詞た形 ＋ ら ＋ 〜のに,もう 少[すこ]し 安[やす]かったら、 買[か]ったのに。,要是再便宜一點，我就買了。,含惋惜、責備的反事實假設
N3,関係・対象・基準,〜について,,關於…、就…而言,名詞 ＋ について,日本[にほん]の 文化[ぶんか]について 研究[けんきゅう]しています。,我在研究關於日本文化的事。,〜に関して 較正式
N3,関係・対象・基準,〜に関して,かんして,關於…、有關…,名詞 ＋ に関して,この 事件[じけん]に 関[かん]して、 詳[くわ]しく 調[しら]べます。,關於這起事件，我會詳細調查。,比〜について書面、正式
N3,関係・対象・基準,〜に対して,たいして,對於…、相對於…,名詞 ＋ に対して,先生[せんせい]に 対[たい]して 失礼[しつれい]なことを 言[い]ってはいけない。,不可以對老師說失禮的話。,含「對象」與「對比」兩義
N3,関係・対象・基準,〜にとって,,對…來說,名詞 ＋ にとって,私[わたし]にとって 家族[かぞく]が 一番[いちばん] 大切[たいせつ]です。,對我來說家人最重要。,從某立場評價，後常接評價語
N3,関係・対象・基準,〜によって,,依…而不同、因…,名詞 ＋ によって,人[ひと]によって 考[かんが]え 方[かた]は 違[ちが]います。,依人不同想法也不同。,表差異、原因、手段、被動施事
N3,関係・対象・基準,〜による,,由於…、根據…（修飾名詞）,名詞 ＋ による ＋ 名詞,地震[じしん]による 被害[ひがい]が 大[おお]きかった。,由地震造成的損害很大。,〜によって的連體形
N3,関係・対象・基準,〜に基づいて,もとづいて,基於…、根據…,名詞 ＋ に基づいて,事実[じじつ]に 基[もと]づいて 報告[ほうこく]してください。,請根據事實報告。,以某原則、資料為依據
N3,関係・対象・基準,〜に応じて,おうじて,依照…、因應…,名詞 ＋ に応じて,収入[しゅうにゅう]に 応[おう]じて 税金[ぜいきん]が 決[き]まる。,稅金依收入而定。,隨變化而相應調整
N3,関係・対象・基準,〜をめぐって,,圍繞…、就…（爭議）,名詞 ＋ をめぐって,新[あたら]しい 制度[せいど]をめぐって 議論[ぎろん]が 続[つづ]いている。,圍繞新制度的討論持續著。,後常接爭論、對立
N3,関係・対象・基準,〜として,,作為…、以…身分,名詞 ＋ として,留学生[りゅうがくせい]として 日本[にほん]に 来[き]ました。,我是以留學生的身分來日本的。,表立場、資格、名目
N3,関係・対象・基準,〜とともに,,與…一起、隨著…,名詞・動詞辞書形 ＋ とともに,時代[じだい]の 変化[へんか]とともに 生活[せいかつ]も 変[か]わった。,隨著時代變化生活也改變了。,書面語，含「隨著」變化義
N3,関係・対象・基準,〜と一緒に,いっしょに,和…一起,名詞 ＋ と一緒に,友達[ともだち]と 一緒[いっしょ]に 映画[えいが]を 見[み]た。,和朋友一起看了電影。,口語，較〜とともに輕鬆
N3,関係・対象・基準,〜に加えて,くわえて,加上…、除…之外,名詞 ＋ に加えて,雨[あめ]に 加[くわ]えて 風[かぜ]も 強[つよ]くなった。,除了下雨風也變強了。,累加，近〜に加え
N3,関係・対象・基準,〜に沿って,そって,沿著…、遵循…,名詞 ＋ に沿って,計画[けいかく]に 沿[そ]って 準備[じゅんび]を 進[すす]める。,依照計畫推進準備。,沿實物路線或依方針
N3,関係・対象・基準,〜を中心に,ちゅうしんに,以…為中心,名詞 ＋ を中心に,若者[わかもの]を 中心[ちゅうしん]に 人気[にんき]が 広[ひろ]がった。,以年輕人為中心人氣擴散開來。,亦作〜を中心として
N3,関係・対象・基準,〜を通して,とおして,透過…、經由…,名詞 ＋ を通して,経験[けいけん]を 通[とお]して 多[おお]くを 学[まな]んだ。,透過經驗學到很多。,手段、媒介，近〜を通じて
N3,関係・対象・基準,〜向け,むけ,面向…、專為…,名詞 ＋ 向け,これは 子供[こども] 向[む]けの 番組[ばんぐみ]です。,這是給小孩看的節目。,刻意設定的對象
N3,関係・対象・基準,〜向き,むき,適合…、朝向…,名詞 ＋ 向き,この 料理[りょうり]は 子供[こども] 向[む]きの 味[あじ]だ。,這道菜的味道適合小孩。,非刻意，恰好適合；亦指方位
N3,関係・対象・基準,〜次第で,しだいで,取決於…、視…而定,名詞 ＋ 次第で,天気[てんき] 次第[しだい]で 予定[よてい]を 変[か]えます。,視天氣決定是否更改計畫。,結果取決於前項
N3,関係・対象・基準,〜をもとに,,以…為基礎、根據…,名詞 ＋ をもとに,この 映画[えいが]は 実話[じつわ]をもとに 作[つく]られた。,這部電影是根據真實故事拍的。,以素材為本，近〜に基づいて
N3,原因・目的・手段,〜せいで,,都怪…、因為…（負面）,名詞の／普通形 ＋ せいで,寝坊[ねぼう]したせいで 電車[でんしゃ]に 遅[おく]れた。,都怪睡過頭害我趕不上電車。,歸咎責任，負面結果
N3,原因・目的・手段,〜せいか,,或許是因為…,名詞の／普通形 ＋ せいか,疲[つか]れているせいか、 頭[あたま]が 痛[いた]い。,或許是因為累了，頭很痛。,推測原因，語氣不確定
N3,原因・目的・手段,〜おかげで,,多虧…、託…的福,名詞の／普通形 ＋ おかげで,先生[せんせい]のおかげで 合格[ごうかく]できた。,多虧老師我才能考上。,正面結果，與〜せいで相對
N3,原因・目的・手段,〜ために,,因為…（原因）,名詞の／普通形 ＋ ために,台風[たいふう]のために 電車[でんしゃ]が 止[と]まった。,因為颱風電車停駛了。,此為原因用法，較書面
N3,原因・目的・手段,〜ことから,,由於…、從…可知,普通形 ＋ ことから,煙[けむり]が 出[で]ていることから 火事[かじ]だと 分[わ]かった。,從冒煙這點得知是火災。,由根據推出判斷、由來
N3,原因・目的・手段,〜あまり,,由於太…、過於…,名詞の／動詞辞書形 ＋ あまり,緊張[きんちょう]のあまり 声[こえ]が 出[で]なかった。,由於太緊張發不出聲音。,程度過度導致某結果
N3,原因・目的・手段,〜あげく,,…到最後（結果不好）,名詞の／動詞た形 ＋ あげく,さんざん 迷[まよ]ったあげく、 買[か]わなかった。,猶豫了老半天最後還是沒買。,長過程後負面結果
N3,原因・目的・手段,〜末に,すえに,…之後終於、經過…結果,名詞の／動詞た形 ＋ 末に,長[なが]い 議論[ぎろん]の 末[すえ]に 結論[けつろん]が 出[で]た。,經過長時間討論終於得出結論。,與〜あげく不同，結果可正可負
N3,原因・目的・手段,〜ように,,為了…（目的）,動詞辞書形／ない形 ＋ ように,忘[わす]れないようにメモを 取[と]った。,為了不忘記做了筆記。,接無意志動詞；〜ために接意志動詞
N3,原因・目的・手段,〜べく,,為了…、應該…,動詞辞書形 ＋ べく,夢[ゆめ]を 実現[じつげん]すべく 努力[どりょく]している。,為了實現夢想而努力著。,書面語，するは「すべく」
N3,原因・目的・手段,〜で（手段）,,用…、以…（手段）,名詞 ＋ で,はしで 麺[めん]を 食[た]べる。,用筷子吃麵。,表工具、方法、材料
N3,原因・目的・手段,〜によって（手段・受身）,,藉由…、被…所（施事）,名詞 ＋ によって,この 橋[はし]は 有名[ゆうめい]な 建築家[けんちくか]によって 設計[せっけい]された。,這座橋是由知名建築師設計的。,被動句中表動作者
N3,原因・目的・手段,〜だけあって,,不愧是…、正因為…,名詞／普通形 ＋ だけあって,彼[かれ]はプロだけあって 歌[うた]が 上手[じょうず]だ。,不愧是專業的，歌唱得真好。,與能力、名聲相稱的好評
N3,原因・目的・手段,〜だけに,,正因為…（所以更…）,名詞／普通形 ＋ だけに,期待[きたい]していただけに、 負[ま]けて 悔[くや]しい。,正因為很期待，輸了更不甘心。,常伴隨程度加深，可正可負
N3,原因・目的・手段,〜からこそ,,正因為…（才）,普通形 ＋ からこそ,あなたのことを 思[おも]うからこそ 注意[ちゅうい]するのだ。,正因為為你著想才提醒你。,強調唯一且特別的原因
N3,原因・目的・手段,〜ばこそ,,正因為…（強調）,動詞ば形／い形容詞ければ ＋ こそ,健康[けんこう]であればこそ 働[はたら]ける。,正因為健康才能工作。,文言、強調語氣，較〜からこそ書面
N3,原因・目的・手段,〜ゆえに,,由於…、因此,名詞（の）／普通形 ＋ ゆえに,若[わか]さゆえに 失敗[しっぱい]することもある。,由於年輕有時也會失敗。,非常書面、文言的原因表現
N3,原因・目的・手段,〜ことだから,,因為是…（所以想必）,名詞の ＋ ことだから,彼[かれ]のことだから、きっと 約束[やくそく]を 守[まも]るだろう。,因為是他，一定會守約的吧。,依熟知的人的性格推測
N3,授受・使役・敬語補充,〜てもらいたい,,希望（別人）為我做…,動詞て形 ＋ もらいたい,この 書類[しょるい]を 確認[かくにん]してもらいたい。,希望你幫我確認這份文件。,說話者的要求、期望
N3,授受・使役・敬語補充,〜てもらえる？,,能幫我…嗎？（請求）,動詞て形 ＋ もらえる？,ちょっと 手伝[てつだ]ってもらえる？,可以幫我一下嗎？,禮貌請求，敬體〜てもらえますか
N3,授受・使役・敬語補充,お〜ください,,請您…（尊敬）,お ＋ 動詞ます形 ＋ ください,こちらのいすにお 座[すわ]りください。,請坐這邊的椅子。,尊敬的請求，較〜てください禮貌
N3,授受・使役・敬語補充,〜ていらっしゃる,,（尊敬）正在…、…著,動詞て形 ＋ いらっしゃる,社長[しゃちょう]は 今[いま] 会議[かいぎ]に 出[で]ていらっしゃいます。,社長現在正在開會。,〜ている的尊敬語
N3,授受・使役・敬語補充,〜ておく,,先做好…、事先…,動詞て形 ＋ おく,会議[かいぎ]の 前[まえ]に 資料[しりょう]を 準備[じゅんび]しておく。,開會前先準備好資料。,事前準備或維持狀態
N3,授受・使役・敬語補充,〜てみせる,,做給…看、一定要做到,動詞て形 ＋ みせる,今度[こんど]こそ 合格[ごうかく]してみせる。,這次一定要考上給你看。,表決心，或實際示範
N3,授受・使役・敬語補充,〜てみる,,試著做…,動詞て形 ＋ みる,この 服[ふく]を 着[き]てみてもいいですか。,我可以試穿這件衣服嗎？,嘗試、試探
N3,授受・使役・敬語補充,〜てしまう／ちゃう,,…完了、不小心…了,動詞て形 ＋ しまう,大事[だいじ]な 書類[しょるい]をなくしてしまった。,把重要的文件弄丟了。,完成或遺憾；口語縮為〜ちゃう
N3,授受・使役・敬語補充,〜とく,,先…好（口語）,動詞て形 ＋ とく,飲[の]み 物[もの]を 買[か]っとくね。,我先去把飲料買好喔。,〜ておく的口語縮約
N3,授受・使役・敬語補充,〜てばかりいる,,老是…、光是…,動詞て形 ＋ ばかりいる,弟[おとうと]はゲームをしてばかりいる。,弟弟老是在打電動。,帶批評語氣，反覆同一動作
N3,授受・使役・敬語補充,〜てからでないと,,不先…就不能…,動詞て形 ＋ からでないと,予約[よやく]してからでないと 入[はい]れません。,不先預約就進不去。,後接否定，前項為必要條件
N3,様態・伝聞・比況,〜かのようだ,,彷彿…一般,普通形 ＋ かのようだ,彼[かれ]はまるで 何[なに]も 知[し]らないかのようだ。,他彷彿什麼都不知道似的。,比喻，實際並非如此
N3,様態・伝聞・比況,〜かのように,,彷彿…似地,普通形 ＋ かのように,夢[ゆめ]を 見[み]ているかのように 感[かん]じた。,感覺彷彿在做夢一般。,〜かのようだ的連用，修飾動詞
N3,様態・伝聞・比況,まるで〜ようだ,,簡直就像…一樣,まるで ＋ 名詞の／普通形 ＋ ようだ,まるで 絵[え]のようにきれいな 景色[けしき]だ。,簡直像畫一樣美的風景。,まるで與ようだ呼應，強調比喻
N3,様態・伝聞・比況,〜ふりをする,,假裝…,名詞の／普通形 ＋ ふりをする,聞[き]こえないふりをしないでください。,請不要裝作沒聽見。,實際並非如此的假裝
N3,様態・伝聞・比況,〜っぱなし,,一直…著、…不管,動詞ます形 ＋ っぱなし,電気[でんき]をつけっぱなしで 寝[ね]てしまった。,開著燈就睡著了。,放任狀態不變，帶負面語氣
N3,様態・伝聞・比況,〜ものだから,,因為…（辯解）,普通形 ＋ ものだから,道[みち]が 混[こ]んでいたものだから 遅[おく]れました。,因為路上塞車所以遲到了。,帶辯解、找藉口語氣，口語〜もんだから
N3,様態・伝聞・比況,〜もの（もん）,,因為…嘛（撒嬌辯解）,普通形 ＋ もの／もん,だって 知[し]らなかったんだもの。,因為我根本不知道嘛。,常與だって連用，口語、女性、兒童語氣
N3,様態・伝聞・比況,〜って（引用）,いんよう,說…、（引用）叫作…,普通形／名詞 ＋ って,田中[たなか]さんは 来[こ]ないって 言[い]ってたよ。,田中先生說他不來喔。,〜と／〜という的口語引用
N3,様態・伝聞・比況,〜とか,,說是…、…之類的（不確定）,普通形／名詞 ＋ とか,彼[かれ]はもう 帰[かえ]ったとか。,聽說他好像已經回去了。,不確定的傳聞或列舉
N3,様態・伝聞・比況,〜なんて,,竟然…、…之類的（輕視/意外）,普通形／名詞 ＋ なんて,君[きみ]が 嘘[うそ]をつくなんて 信[しん]じられない。,你竟然會說謊，真令人難以置信。,表意外、輕視或舉例
N3,様態・伝聞・比況,〜なんか,,…之類的、…什麼的（謙遜/輕視）,名詞 ＋ なんか,私[わたし]なんかにはできません。,像我這種人是做不到的。,口語，〜など的口語形，帶謙遜或貶低
N3,様態・伝聞・比況,〜ってば,,我就說…嘛（不耐煩強調）,普通形／名詞 ＋ ってば,もう、 早[はや]くしてってば。,真是的，我就說快一點嘛。,口語，重複強調帶焦躁、撒嬌語氣
N2,時・場面・付帯,〜における,,在…的（後接名詞，修飾用法）,名詞 ＋ における ＋ 名詞,現代[げんだい] 社会[しゃかい]における 情報[じょうほう]の 役割[やくわり]は 大[おお]きい。,資訊在現代社會中所扮演的角色很重要。,「〜において」的連體修飾形
N2,時・場面・付帯,〜に際して,にさいして,在…之際、當…的時候,名詞／動詞辞書形 ＋ に際して,入学[にゅうがく]に 際[さい]して、 校長[こうちょう]が 挨拶[あいさつ]をした。,在入學之際，校長致了詞。,用於重要或正式的場合；書面語
N2,時・場面・付帯,〜に先立って,にさきだって,在…之前（事先做準備）,名詞／動詞辞書形 ＋ に先立って,開会[かいかい]に 先立[さきだ]って、 注意[ちゅうい] 事項[じこう]が 説明[せつめい]された。,在開會之前，說明了注意事項。,強調為了某事而事先進行的準備
N2,時・場面・付帯,〜に当たって,にあたって,在…之際、面臨…時,名詞／動詞辞書形 ＋ に当たって,新[あたら]しい 生活[せいかつ]を 始[はじ]めるに 当[あ]たって、 決意[けつい]を 新[あら]たにした。,在開始新生活之際，重新下定了決心。,多用於重大、正面的場合
N2,時・場面・付帯,〜かと思うと,かとおもうと,剛…就…、以為…卻…,動詞た形 ＋ かと思うと,空[そら]が 暗[くら]くなったかと 思[おも]うと、 急[きゅう]に 雨[あめ]が 降[ふ]り 出[だ]した。,天色剛一變暗，突然就下起雨來了。,＝「〜かと思ったら」；前後變化迅速
N2,時・場面・付帯,〜が早いか,がはやいか,剛一…就立刻…,動詞辞書形／た形 ＋ が早いか,彼[かれ]は 席[せき]に 着[つ]くが 早[はや]いか、 料理[りょうり]を 食[た]べ 始[はじ]めた。,他一坐下就立刻開始吃了起來。,後句多為意志動作；書面語
N2,時・場面・付帯,〜や否や,やいなや,剛一…就馬上…,動詞辞書形 ＋ や否や,その 知[し]らせを 聞[き]くや 否[いな]や、 彼女[かのじょ]は 泣[な]き 出[だ]した。,一聽到那個消息，她就哭了出來。,書面語；亦作「〜や」
N2,時・場面・付帯,〜そばから,,剛…就…（反覆發生，徒勞）,動詞辞書形／た形 ＋ そばから,覚[おぼ]えるそばから 忘[わす]れてしまうので、 困[こま]っている。,才剛記住就忘了，真傷腦筋。,含徒勞、無奈語氣，多為反覆情況
N2,時・場面・付帯,〜てからというもの,,自從…之後（狀態持續變化）,動詞て形 ＋ からというもの,禁煙[きんえん]してからというもの、 体調[たいちょう]がとても 良[よ]くなった。,自從戒菸之後，身體狀況變得非常好。,強調某契機後的長期變化
N2,時・場面・付帯,〜に伴って,にともなって,隨著…（一起變化）,名詞／動詞辞書形 ＋ に伴って,人口[じんこう]の 増加[ぞうか]に 伴[ともな]って、 住宅[じゅうたく] 問題[もんだい]が 深刻[しんこく]になった。,隨著人口增加，住宅問題變得嚴重。,＝「〜とともに」；書面語
N2,時・場面・付帯,〜につれて,,隨著…而漸漸…,名詞／動詞辞書形 ＋ につれて,年[とし]を 取[と]るにつれて、 記憶力[きおくりょく]が 衰[おとろ]えてきた。,隨著年紀增長，記憶力漸漸衰退了。,前後為連動的漸進變化
N2,時・場面・付帯,〜に従って,にしたがって,隨著…；依照…,名詞／動詞辞書形 ＋ に従って,山[やま]を 登[のぼ]るに 従[したが]って、 気温[きおん]が 下[さ]がっていった。,隨著往山上爬，氣溫漸漸下降了。,亦有「遵照（指示）」之義
N2,時・場面・付帯,〜がてら,,順便…、趁著…（一舉兩得）,名詞／動詞ます形 ＋ がてら,散歩[さんぽ]がてら、 郵便局[ゆうびんきょく]に 寄[よ]ってきた。,散步順便去了一趟郵局。,一個動作附帶另一目的；口語
N2,時・場面・付帯,〜かたわら,,一邊…一邊…（本業之餘另做…）,名詞の／動詞辞書形 ＋ かたわら,彼[かれ]は 会社[かいしゃ]で 働[はたら]くかたわら、 小説[しょうせつ]を 書[か]いている。,他一邊在公司上班，一邊寫小說。,主業之餘兼做副業；書面語
N2,時・場面・付帯,〜に際し,にさいし,值此…之際（正式場合）,名詞／動詞辞書形 ＋ に際し,開業[かいぎょう]に 際[さい]し、 多[おお]くの 方々[かたがた]からご 支援[しえん]をいただいた。,在開業之際，承蒙許多人的支持。,「〜に際して」的鄭重書面形式
N2,関係・対応・基準,〜を問わず,をとわず,不論…、無關…,名詞 ＋ を問わず,この 仕事[しごと]は 経験[けいけん]の 有無[うむ]を 問[と]わず 応募[おうぼ]できる。,這份工作不論有無經驗都可以應徵。,常接對義詞或「男女・昼夜」等
N2,関係・対応・基準,〜のみならず,,不僅…而且…,名詞／普通形 ＋ のみならず,彼[かれ]は 英語[えいご]のみならず、フランス 語[ご]も 流暢[りゅうちょう]に 話[はな]す。,他不僅會英文，法文也說得很流利。,＝「〜だけでなく」；書面語
N2,関係・対応・基準,〜はもとより,,不用說…就連…也,名詞 ＋ はもとより,この 温泉[おんせん]は 国内[こくない]はもとより、 海外[かいがい]でも 有名[ゆうめい]だ。,這個溫泉不用說在國內，就連海外也很有名。,＝「〜はもちろん」；書面語較強
N2,関係・対応・基準,〜はもちろん,,…自不待言、當然…（連…也）,名詞 ＋ はもちろん,彼女[かのじょ]は 勉強[べんきょう]はもちろん、スポーツも 得意[とくい]だ。,她不用說功課好，運動也很拿手。,口語常用；語氣較「もとより」柔和
N2,関係・対応・基準,〜に限らず,にかぎらず,不限於…、不只…,名詞 ＋ に限らず,この 店[みせ]は 週末[しゅうまつ]に 限[かぎ]らず、 平日[へいじつ]も 混[こ]んでいる。,這家店不只週末，平日也很擁擠。,後常接更大範圍的補充
N2,関係・対応・基準,〜に関わらず,にかかわらず,無關…、不論…與否,名詞／動詞辞書形＋ない形 ＋ に関わらず,天候[てんこう]に 関[かか]わらず、 試合[しあい]は 予定[よてい]どおり 行[おこな]われる。,無關天氣如何，比賽都會照預定舉行。,常接對義或「〜か〜ないか」
N2,関係・対応・基準,〜もかまわず,,不顧…、不在乎…,名詞／普通形の ＋ もかまわず,彼[かれ]は 人目[ひとめ]もかまわず、 大声[おおごえ]で 泣[な]いた。,他不顧旁人眼光，放聲大哭。,多接一般人會在意的事物
N2,関係・対応・基準,〜をよそに,,無視…、不顧…,名詞 ＋ をよそに,親[おや]の 心配[しんぱい]をよそに、 彼[かれ]は 毎日[まいにち] 遊[あそ]んでばかりいる。,他不顧父母的擔心，每天只顧著玩。,帶負面、批判語氣；書面語
N2,関係・対応・基準,〜を抜きにして,をぬきにして,撇開…、去除…（不談）,名詞 ＋ を抜きにして,冗談[じょうだん]を 抜[ぬ]きにして、 真面目[まじめ]に 話[はな]し 合[あ]おう。,別開玩笑了，我們認真談一談吧。,＝「〜は抜きにして」
N2,関係・対応・基準,〜抜きで,ぬきで,省去…、不加…,名詞 ＋ 抜きで,朝食[ちょうしょく] 抜[ぬ]きで 会社[かいしゃ]に 行[い]くのは 体[からだ]に 良[よ]くない。,不吃早餐就去公司對身體不好。,口語；亦作「〜抜きに」
N2,関係・対応・基準,〜に即して,にそくして,依照…、切合…（實情、規範）,名詞 ＋ に即して,現状[げんじょう]に 即[そく]して、 対策[たいさく]を 立[た]てる 必要[ひつよう]がある。,有必要切合現狀來擬定對策。,多接「事実・現状・規則」；書面語
N2,関係・対応・基準,〜を踏まえて,をふまえて,根據…、考量…（在…基礎上）,名詞 ＋ を踏まえて,前回[ぜんかい]の 反省[はんせい]を 踏[ふ]まえて、 新[あたら]しい 計画[けいかく]を 立[た]てた。,在檢討上次的基礎上，制定了新計畫。,以既有事實為前提再進行下一步
N2,関係・対応・基準,〜を契機に,をけいきに,以…為契機、藉…之機,名詞 ＋ を契機に,入院[にゅういん]を 契機[けいき]に、 生活[せいかつ] 習慣[しゅうかん]を 見直[みなお]した。,以住院為契機，重新檢視了生活習慣。,書面語；＝「〜をきっかけに」
N2,関係・対応・基準,〜をきっかけに,,以…為契機、藉…的機會,名詞 ＋ をきっかけに,留学[りゅうがく]をきっかけに、 日本[にほん]の 文化[ぶんか]に 興味[きょうみ]を 持[も]った。,以留學為契機，對日本文化產生了興趣。,口語常用；語氣較「契機」柔和
N2,関係・対応・基準,〜を機に,をきに,趁著…之機、以…為轉機,名詞 ＋ を機に,定年[ていねん]を 機[き]に、 田舎[いなか]へ 引[ひ]っ 越[こ]すことにした。,趁著退休之機，決定搬到鄉下去。,「〜を契機に」的簡潔書面形
N2,程度・限定・強調,〜限り,かぎり,只要…（就）；在…範圍內,動詞辞書形／ている ＋ 限り,私[わたし]が 知[し]っている 限[かぎ]り、 彼[かれ]はそんな 人[ひと]ではない。,就我所知，他不是那種人。,表限定範圍或條件
N2,程度・限定・強調,〜限りだ,かぎりだ,…極了、非常…（情感之最）,い形容詞／な形容詞な ＋ 限りだ,君[きみ]に 会[あ]えなくなるのは、 寂[さび]しい 限[かぎ]りだ。,再也見不到你，真是寂寞至極。,接感情形容詞，表最高程度
N2,程度・限定・強調,〜ないかぎり,,只要不…、除非…,動詞ない形 ＋ かぎり,本人[ほんにん]が 謝[あやま]らないかぎり、 彼[かれ]は 許[ゆる]さないだろう。,只要本人不道歉，他大概不會原諒吧。,表唯一的必要條件
N2,程度・限定・強調,〜に限る,にかぎる,最好是…、莫過於…,名詞／動詞辞書形＋ない形 ＋ に限る,疲[つか]れたときは、ゆっくり 休[やす]むに 限[かぎ]る。,累的時候，最好是好好休息。,表個人主觀的最佳選擇
N2,程度・限定・強調,〜だけのことはある,,不愧是…、果然有…的價值,名詞／普通形 ＋ だけのことはある,毎日[まいにち] 練習[れんしゅう]しただけのことはあって、 上達[じょうたつ]が 早[はや]い。,不愧是每天練習，進步得很快。,表努力或條件得到相應成果
N2,程度・限定・強調,〜こそあれ,,雖有…但…；正因有…,名詞／い形容詞く ＋ こそあれ,多少[たしょう]の 差[さ]こそあれ、 内容[ないよう]はほぼ 同[おな]じだ。,雖然多少有些差異，但內容幾乎相同。,書面語、逆接用法
N2,程度・限定・強調,〜すら,,連…都（書面、強調）,名詞 ＋ すら,疲[つか]れきって、 立[た]ち 上[あ]がることすらできなかった。,累得連站起來都做不到。,＝「〜さえ」；書面語較強
N2,程度・限定・強調,〜だに,,連…都（僅、光是）,名詞／動詞辞書形 ＋ だに,そんな 悲惨[ひさん]な 事故[じこ]は、 想像[そうぞう]するだに 恐[おそ]ろしい。,那樣悲慘的事故，光是想像就令人害怕。,文語殘留；多接「想像・予想」等
N2,程度・限定・強調,〜ばかりか,,不僅…而且…（更進一層）,名詞／普通形 ＋ ばかりか,彼[かれ]は 遅刻[ちこく]したばかりか、 謝[あやま]りもしなかった。,他不僅遲到，甚至連道歉都沒有。,後項程度更甚；＝「〜ばかりでなく」
N2,程度・限定・強調,〜まで(も),,甚至連…也,名詞／動詞て形 ＋ まで(も),最後[さいご]には、 親友[しんゆう]にまで 裏切[うらぎ]られた。,到最後甚至連摯友都背叛了我。,舉出極端、意外的例子
N2,程度・限定・強調,〜からして,,光從…來看就…,名詞 ＋ からして,あの 店[みせ]は 外観[がいかん]からして 高級[こうきゅう]そうだ。,那家店光看外觀就一副高級的樣子。,舉一例以推斷整體
N2,程度・限定・強調,〜として(否定),,沒有一個…、連一…都不,一＋助数詞 ＋ として ＋ 否定,彼[かれ]の 話[はなし]は、 一言[ひとこと]として 信[しん]じられない。,他說的話，沒有一句可以相信。,「一〜として〜ない」全面否定
N2,程度・限定・強調,〜ものなら,,如果能…就（試試看）；要是…可就…,動詞可能形／意志形 ＋ ものなら,できるものなら、もう 一度[いちど]やり 直[なお]したい。,如果可以的話，真想重新來過一次。,多接難以實現的假設
N2,程度・限定・強調,〜くらいなら,,與其…倒不如…,動詞辞書形 ＋ くらいなら,行列[ぎょうれつ]に 並[なら]ぶくらいなら、 家[いえ]で 作[つく]って 食[た]べる。,與其去排隊，倒不如在家自己做來吃。,後常接「〜ほうがましだ／いい」
N2,逆接・譲歩,〜つつ(も),,一邊…一邊…；明明…卻…,動詞ます形 ＋ つつ(も),体[からだ]に 悪[わる]いと 知[し]りつつも、タバコをやめられない。,明明知道對身體不好，卻戒不掉菸。,書面語；「つつも」強調逆接語氣
N2,逆接・譲歩,〜ものを,,明明…就好了，卻…,普通形 ＋ ものを,言[い]ってくれれば 手伝[てつだ]ったものを、なぜ 黙[だま]っていたの。,說一聲我就會幫忙的，為什麼默不作聲呢。,帶不滿、責備或遺憾的語氣
N2,逆接・譲歩,〜くせして,,明明…卻…（帶輕蔑）,普通形（名詞＋の／な形＋な） ＋ くせして,何[なに]も 知[し]らないくせして、 偉[えら]そうに 言[い]うな。,明明什麼都不懂，別一副了不起的樣子說話。,口語；比「くせに」更帶不滿與蔑視
N2,逆接・譲歩,〜と言っても,,雖說…但實際上…,普通形／名詞 ＋ と言っても,料理[りょうり]ができると 言[い]っても、 卵[たまご]を 焼[や]く 程度[ていど]だ。,雖說會做菜，也不過是煎個蛋的程度。,先承認再修正，避免對方誤會
N2,逆接・譲歩,〜とはいえ,,雖說…但是…,普通形／名詞 ＋ とはいえ,春[はる]とはいえ、まだ 朝晩[あさばん]は 冷[ひ]え 込[こ]む。,雖說是春天了，早晚還是很冷。,書面語；承認前項但仍有例外
N2,逆接・譲歩,〜にしろ〜にしろ,,無論…還是…都…,名詞／動詞辞書形 ＋ にしろ〜にしろ,行[い]くにしろ 行[い]かないにしろ、 早[はや]く 決[き]めてほしい。,無論去還是不去，都希望你早點決定。,並列兩極端，結論皆同
N2,逆接・譲歩,〜にせよ〜にせよ,,無論…還是…都…,名詞／動詞辞書形 ＋ にせよ〜にせよ,賛成[さんせい]にせよ 反対[はんたい]にせよ、 理由[りゆう]を 述[の]べるべきだ。,無論贊成還是反對，都應該陳述理由。,比「にしろ」更書面、正式
N2,逆接・譲歩,〜であれ,,即使是…也…；無論…,名詞／疑問詞 ＋ であれ,どんな 理由[りゆう]であれ、 暴力[ぼうりょく]は 許[ゆる]されない。,無論什麼理由，暴力都不被允許。,書面語；常與疑問詞呼應
N2,逆接・譲歩,〜であろうと,,無論是…也…,名詞／疑問詞 ＋ であろうと,たとえ 社長[しゃちょう]であろうと、 規則[きそく]は 守[まも]るべきだ。,即使是社長，也應該遵守規則。,書面語；常與「たとえ」搭配
N2,逆接・譲歩,〜たところで,,即使…也（沒用）,動詞た形 ＋ ところで,今[いま]から 急[いそ]いだところで、 間[ま]に 合[あ]わないだろう。,即使現在趕過去，也來不及吧。,後接否定或消極結果
N2,逆接・譲歩,〜ところが,,然而；沒想到卻…,動詞た形 ＋ ところが,電話[でんわ]したところが、もう 引[ひ]っ 越[こ]したあとだった。,打了電話，沒想到對方已經搬走了。,表意外，與預期相反的結果
N2,逆接・譲歩,〜ないまでも,,即使不…也至少…,動詞ない形 ＋ までも,毎日[まいにち]とは 言[い]わないまでも、 週[しゅう]に 一度[いちど]は 運動[うんどう]したい。,即使不是每天，至少也想一週運動一次。,退一步提出較低的標準
N2,逆接・譲歩,〜といえども,,即使…也；雖說是…,名詞／普通形 ＋ といえども,専門家[せんもんか]といえども、 間違[まちが]えることはある。,即使是專家，也會有出錯的時候。,書面語、生硬；讓步語氣
N2,逆接・譲歩,〜ではあるまいし,,又不是…（怎麼會…）,名詞 ＋ ではあるまいし,子供[こども]ではあるまいし、それくらい 自分[じぶん]で 考[かんが]えなさい。,又不是小孩子，那點事自己想想吧。,口語；帶責備或提醒的語氣
N2,逆接・譲歩,〜はさておき,,…先擱一邊；姑且不論…,名詞 ＋ はさておき,冗談[じょうだん]はさておき、 本題[ほんだい]に 入[はい]りましょう。,玩笑先擱一邊，我們進入正題吧。,暫時擱置某話題，轉入重點
N2,必然・可能・当然,〜ざるを得ない,ざるをえない,不得不…；只好…,動詞ない形（去ない） ＋ ざるを得ない,台風[たいふう]のため、 試合[しあい]は 中止[ちゅうし]せざるを 得[え]ない。,因為颱風，比賽只好取消。,書面語；「する」→「せざるを得ない」
N2,必然・可能・当然,〜ずにはいられない,,忍不住…；不由得…,動詞ない形（去ない） ＋ ずにはいられない,あの 映画[えいが]を 見[み]ると、 泣[な]かずにはいられない。,看那部電影就忍不住哭出來。,情不自禁；「する」→「せずには」
N2,必然・可能・当然,〜ないではいられない,,忍不住…；不能不…,動詞ない形 ＋ ではいられない,困[こま]っている 人[ひと]を 見[み]ると、 助[たす]けないではいられない。,看到有困難的人就忍不住想幫忙。,與「ずにはいられない」義近，較口語
N2,必然・可能・当然,〜得ない,えない,不可能…；無法…,動詞ます形 ＋ 得ない,そんなことはあり 得[え]ない 話[はなし]だ。,那種事是不可能的。,「あり得ない」為常見固定說法
N2,必然・可能・当然,〜かねる,,難以…；不便…,動詞ます形 ＋ かねる,その 件[けん]につきましては、お 答[こた]えしかねます。,關於那件事，恕我難以回答。,鄭重委婉的拒絕，商務常用
N2,必然・可能・当然,〜かねない,,有可能…（不好的事）,動詞ます形 ＋ かねない,そんな 運転[うんてん]では、 事故[じこ]を 起[お]こしかねない。,那樣開車，有可能會引發事故。,只用於負面、不好的可能性
N2,必然・可能・当然,〜べき,,應該…,動詞辞書形 ＋ べき,約束[やくそく]は 守[まも]るべきだ。,承諾就應該遵守。,「する」可用「すべき」；表義務或道理
N2,必然・可能・当然,〜べきではない,,不應該…,動詞辞書形 ＋ べきではない,他人[たにん]の 日記[にっき]を 勝手[かって]に 読[よ]むべきではない。,不應該擅自看別人的日記。,表道義上的禁止
N2,必然・可能・当然,〜ではないか,,不是…嗎；…吧（提議・感嘆）,普通形／名詞 ＋ ではないか,みんなで 力[ちから]を 合[あ]わせようではないか。,大家同心協力吧。,表提議、感嘆或確認，語氣強
N2,必然・可能・当然,〜てしかるべき,,理應…；應當…,動詞て形 ＋ しかるべき,被害者[ひがいしゃ]には 十分[じゅうぶん]な 補償[ほしょう]があってしかるべきだ。,對受害者理應給予充分的補償。,書面語、生硬；表理所當然應如此
N2,必然・可能・当然,〜に相違ない,にそういない,肯定是…；必定…,普通形／名詞 ＋ に相違ない,この 筆跡[ひっせき]は 本人[ほんにん]のものに 相違[そうい]ない。,這筆跡肯定是本人的。,書面語、生硬；比「に違いない」正式
N2,必然・可能・当然,〜てもさしつかえない,,…也無妨；可以…,動詞て形／い形くて／名詞で ＋ もさしつかえない,体調[たいちょう]がよければ、 外出[がいしゅつ]してもさしつかえない。,只要身體狀況好，外出也無妨。,鄭重的許可，較「てもいい」正式
N2,必然・可能・当然,〜までもない,,用不著…；不必…,動詞辞書形 ＋ までもない,そんな 簡単[かんたん]なこと、 聞[き]くまでもない。,那麼簡單的事，用不著問。,程度未達到需要那麼做的地步
N2,必然・可能・当然,〜には及ばない,にはおよばない,不必…；用不著…,動詞辞書形／名詞 ＋ には及ばない,わざわざお 越[こ]しくださるには 及[およ]びません。,您用不著特地前來。,書面、鄭重；也表「比不上」
N2,必然・可能・当然,〜っこない,,不可能…；絕不會…,動詞ます形 ＋ っこない,そんな 難[むずか]しい 問題[もんだい]、 私[わたし]に 解[と]けっこない。,那麼難的題目，我不可能解得出來。,口語；強烈否定可能性
N2,原因・結果・評価,〜もので,,因為…（委婉辯解）,普通形（な形・名詞＋な） ＋ もので,初[はじ]めてのもので、 要領[ようりょう]がわからず 失礼[しつれい]しました。,因為是第一次，不得要領，失禮了。,較「ものだから」委婉柔和
N2,原因・結果・評価,〜あまり(に),,由於過度…以致…,動詞辞書形／名詞＋の ＋ あまり(に),緊張[きんちょう]のあまり、 声[こえ]が 震[ふる]えてしまった。,由於過度緊張，聲音都發抖了。,書面語；程度過度導致的結果
N2,原因・結果・評価,〜末(に),すえ(に),經過…最後終於…,動詞た形／名詞＋の ＋ 末(に),長年[ながねん]の 研究[けんきゅう]の 末[すえ]に、 新薬[しんやく]を 開発[かいはつ]した。,經過多年研究，最終開發出了新藥。,書面語；強調過程後的最終結果
N2,原因・結果・評価,〜結果,けっか,…的結果,動詞た形／名詞＋の ＋ 結果,話[はな]し 合[あ]った 結果[けっか]、 計画[けいかく]を 中止[ちゅうし]することにした。,商量的結果，決定中止計畫。,客觀陳述經過努力後的結論
N2,原因・結果・評価,〜ばかりに,,就因為…（導致不良後果）,普通形（な形＋な・名詞＋である） ＋ ばかりに,一言[ひとこと] 余計[よけい]なことを 言[い]ったばかりに、 彼[かれ]を 怒[おこ]らせた。,就因為多說了一句話，把他惹火了。,強調單一原因造成的壞結果，含後悔
N2,原因・結果・評価,〜ことに(は),,令人…的是…,動詞た形／い形／な形＋な ＋ ことに(は),驚[おどろ]いたことに、 彼[かれ]は 一晩[ひとばん]で 全部[ぜんぶ] 覚[おぼ]えてしまった。,令人驚訝的是，他一個晚上就全記住了。,置於句首，先表說話者的情感評價
N2,原因・結果・評価,〜ことか,,多麼…啊（感嘆）,疑問詞 ＋ 動詞／い形／な形＋な ＋ ことか,この 日[ひ]をどんなに 待[ま]っていたことか。,我是多麼地期待這一天啊。,常與「どんなに・何と」呼應，表強烈感嘆
N2,原因・結果・評価,〜始末だ,しまつだ,落得…的下場,動詞辞書形 ＋ 始末だ,借金[しゃっきん]を 重[かさ]ね、ついに 夜逃[よに]げする 始末[しまつ]だ。,債台高築，最後落得半夜潛逃的下場。,貶義；經過種種後淪落到的糟糕結果
N2,原因・結果・評価,〜有様だ,ありさまだ,…的（慘）樣子,動詞辞書形／名詞＋の ＋ 有様だ,部屋[へや]は 足[あし]の 踏[ふ]み 場[ば]もない 有様[ありさま]だ。,房間亂到連個落腳的地方都沒有的樣子。,多形容不好的狀態或狼狽情形
N2,原因・結果・評価,〜まくる,,拚命地…；不停地…,動詞ます形 ＋ まくる,締[し]め 切[き]り 前[まえ]は、 毎日[まいにち] 書[か]きまくった。,截稿前每天拚命地寫個不停。,口語；強調大量、猛烈地反覆做
N2,原因・結果・評価,〜次第だ,しだいだ,…的緣由；就是這樣的情況,動詞普通形 ＋ 次第だ,そういうわけで、 本日[ほんじつ]お 伺[うかが]いした 次第[しだい]です。,就是這樣的緣由，今天前來拜訪。,書面、鄭重；說明事情的來龍去脈
N2,原因・結果・評価,〜というわけだ,,也就是說…；難怪…,普通形 ＋ というわけだ,つまり、 彼[かれ]は 最初[さいしょ]から 知[し]っていたというわけだ。,也就是說，他從一開始就知道了。,由前提導出合理的結論或恍然大悟
N2,目的・傾向・様態,〜まいと,,為了不…、不想…而,動詞辞書形 ＋ まいと（する）,二度[にど]と 失敗[しっぱい]するまいと、 細心[さいしん]の 注意[ちゅうい]を 払[はら]った。,為了不再失敗，格外小心謹慎。,「〜ないようにと」的書面表達；否定意志
N2,目的・傾向・様態,〜んがために,,為了…（目的）,動詞ない形（去ない）＋ んがために,夢[ゆめ]を 実現[じつげん]せんがために、 彼[かれ]は 全[すべ]てを 犠牲[ぎせい]にした。,為了實現夢想，他犧牲了一切。,書面語、強調目的；する→せんがために
N2,目的・傾向・様態,〜ことなく,,不…（就）、始終沒有…,動詞辞書形 ＋ ことなく,彼女[かのじょ]は 一度[いちど]も 休[やす]むことなく 働[はたら]き 続[つづ]けた。,她一次也沒休息，持續工作著。,書面語，同「〜ないで」但更正式
N2,目的・傾向・様態,〜ことなしに,,不…就（不能）…,動詞辞書形 ＋ ことなしに,努力[どりょく]することなしに 成功[せいこう]は 得[え]られない。,不努力就無法獲得成功。,後多接否定；強調前提條件
N2,目的・傾向・様態,〜がちだ,,容易…、往往…、經常…,動詞ます形／名詞 ＋ がちだ,疲[つか]れていると、つい 細[こま]かいミスをしがちだ。,累的時候，往往會犯些小錯。,多用於負面傾向；病気がち
N2,目的・傾向・様態,〜きらいがある,,有…的傾向、往往會…,動詞辞書形／名詞の ＋ きらいがある,彼[かれ]は 物事[ものごと]を 悲観的[ひかんてき]に 考[かんが]えるきらいがある。,他有把事情往悲觀方面想的傾向。,多指不好的性格傾向；書面語
N2,目的・傾向・様態,〜嫌いがある,きらいがある,有…的（不良）傾向,動詞辞書形／名詞の ＋ 嫌いがある,この 報告書[ほうこくしょ]は 結論[けつろん]を 急[いそ]ぎすぎる 嫌[きら]いがある。,這份報告書有過於急於下結論的傾向。,漢字寫法；同「〜きらいがある」
N2,目的・傾向・様態,〜がましい,,帶有…之嫌、近乎…似的,名詞／動詞ます形 ＋ がましい,恩着[おんき]せがましい 言[い]い 方[かた]に、 彼女[かのじょ]は 不快感[ふかいかん]を 覚[おぼ]えた。,對那種居功施恩似的說法，她感到不快。,多為負面；未練がましい・差し出がましい
N2,目的・傾向・様態,〜めく,,帶有…氣息、有…的樣子,名詞 ＋ めく,三月[さんがつ]に 入[はい]り、 日差[ひざ]しがようやく 春[はる]めいてきた。,進入三月，陽光終於帶上了春天的氣息。,常用春めく・謎めく；動詞化
N2,目的・傾向・様態,〜ぶる,,裝作…、擺出…的樣子,名詞／形容詞語幹 ＋ ぶる,彼[かれ]は 何[なに]も 知[し]らないくせに、 学者[がくしゃ]ぶるのが 嫌[きら]いだ。,他明明什麼都不懂，卻愛裝學者，真討厭。,含貶義；上品ぶる・偉ぶる
N2,目的・傾向・様態,〜ずくめ,,清一色、盡是…、淨是…,名詞 ＋ ずくめ,今年[ことし]は 結婚[けっこん]に 昇進[しょうしん]と、いいことずくめの 一年[いちねん]だった。,今年結婚又升遷，是好事連連的一年。,褒貶皆可；黒ずくめ・規則ずくめ
N2,目的・傾向・様態,〜めいた,,帶有…意味的、像…似的,名詞 ＋ めいた,彼[かれ]の 説教[せっきょう]めいた 話[はなし]に、 皆[みな]うんざりしていた。,對他那番說教似的話，大家都聽膩了。,「〜めく」的連體形；謎めいた
N2,目的・傾向・様態,〜んばかり,,幾乎要…、簡直就像要…,動詞ない形（去ない）＋ んばかり,彼女[かのじょ]は 今[いま]にも 泣[な]き 出[だ]さんばかりの 顔[かお]をしていた。,她一副幾乎就要哭出來的表情。,書面語，誇張；する→せんばかり
N2,目的・傾向・様態,〜とばかりに,,彷彿在說…似的、一副…的樣子,文末表現／名詞 ＋ とばかりに,彼[かれ]はもう 帰[かえ]れとばかりに、 時計[とけい]をちらちら 見[み]た。,他彷彿在說「快回去吧」，頻頻瞄手錶。,未實際說出口；書面/描寫用
N2,付帯・並列・添加,〜かたがた,,順便…、兼作…,名詞 ＋ かたがた,先日[せんじつ]のお 礼[れい]かたがた、ご 挨拶[あいさつ]に 伺[うかが]いました。,為前些日子道謝，順便前來問候。,鄭重書面語；多用於寒暄
N2,付帯・並列・添加,〜やら〜やら,,又…又…、…啦…啦,名詞／動詞・形容詞普通形 ＋ やら〜やら,引[ひ]っ 越[こ]しの 前日[ぜんじつ]は、 荷造[にづく]りやら 掃除[そうじ]やらで 大忙[おおいそが]しだった。,搬家前一天，又是打包又是打掃，忙得不可開交。,列舉、含繁雜心情
N2,付帯・並列・添加,〜なり〜なり,,…也好…也好、或…或…,名詞／動詞辞書形 ＋ なり〜なり,分[わ]からなければ、 辞書[じしょ]で 調[しら]べるなり 先生[せんせい]に 聞[き]くなりしなさい。,不懂的話，就查字典或問老師。,從中擇一去做；提出選項
N2,付帯・並列・添加,〜だの〜だの,,…啦…啦、又是…又是…,名詞／動詞・形容詞普通形 ＋ だの〜だの,彼[かれ]は 暑[あつ]いだの 疲[つか]れただのと、 文句[もんく]ばかり 言[い]っている。,他又是嫌熱又是喊累，一直在抱怨。,含厭煩、負面語氣；口語
N2,付帯・並列・添加,〜といい〜といい,,無論…還是…、…也好…也好,名詞 ＋ といい〜といい,この 店[みせ]は 味[あじ]といいサービスといい、 申[もう]し 分[ぶん]ない。,這家店無論味道還是服務，都無可挑剔。,舉例評價全體；含說話者評判
N2,付帯・並列・添加,〜であれ〜であれ,,無論是…還是…都,名詞 ＋ であれ〜であれ,大人[おとな]であれ 子供[こども]であれ、ルールは 守[まも]らなければならない。,無論大人還是小孩，都必須遵守規則。,書面語；後接普遍成立之事
N2,付帯・並列・添加,〜も〜ば〜も,,既…又…、又…也…,名詞も ＋ 動詞ば形／形容詞ければ ＋ 名詞も,彼[かれ]は 頭[あたま]もよければ 性格[せいかく]もいい、 非[ひ]の 打[う]ち 所[どころ]がない。,他既聰明性格又好，簡直無可挑剔。,並列同類；添加強調
N2,付帯・並列・添加,〜も〜なら〜も,,…也…、…也…（兩者都）,名詞も ＋ 名詞なら ＋ 名詞も,最近[さいきん]は 親[おや]も 親[おや]なら 子[こ]も 子[こ]だと 言[い]わざるを 得[え]ない。,最近真讓人不得不說，父母有父母的問題，孩子也有孩子的問題。,多含批判；雙方都有不是
N2,付帯・並列・添加,〜はおろか,,別說…就連…也,名詞 ＋ はおろか,彼[かれ]は 漢字[かんじ]はおろか、ひらがなさえ 読[よ]めなかった。,他別說漢字了，就連平假名都不會讀。,後接更極端事例；多為負面
N2,付帯・並列・添加,〜のみか,,不僅…而且…,名詞／動詞・形容詞普通形 ＋ のみか,彼[かれ]は 日本語[にほんご]のみか、 中国語[ちゅうごくご]も 英語[えいご]も 堪能[かんのう]だ。,他不僅日語，中文和英語也都很精通。,書面語；同「〜のみならず」
N2,付帯・並列・添加,〜ばかりでなく,,不僅…而且…,名詞／動詞・形容詞普通形 ＋ ばかりでなく,彼[かれ]は 勉強[べんきょう]ばかりでなく、スポーツも 得意[とくい]だ。,他不僅會念書，運動也很拿手。,口語書面通用；後常接「も」
N2,付帯・並列・添加,〜と相まって,とあいまって,與…相結合、加上…相互作用,名詞 ＋ と相まって,彼[かれ]の 努力[どりょく]は 才能[さいのう]と 相[あい]まって、 素晴[すば]らしい 成果[せいか]を 生[う]んだ。,他的努力加上才能相互作用，產生了出色的成果。,書面語；兩因素相乘效果
N2,付帯・並列・添加,〜と共に,とともに,與…一起、隨著…,名詞／動詞辞書形 ＋ と共に,年[とし]を 取[と]ると 共[とも]に、 記憶力[きおくりょく]が 衰[おとろ]えてきた。,隨著年齡增長，記憶力也衰退了。,表隨變化/同時/並列；書面語
N2,強調・話題・その他,〜こそ,,正是…、才是…,名詞 ＋ こそ,今度[こんど]こそ、 必[かなら]ず 目標[もくひょう]を 達成[たっせい]してみせる。,這次一定要達成目標給你看。,強調前項；提示焦點
N2,強調・話題・その他,〜てこそ,,只有…才、正因為做了…才,動詞て形 ＋ こそ,苦労[くろう]を 経験[けいけん]してこそ、 人[ひと]は 成長[せいちょう]できる。,只有經歷過辛苦，人才能成長。,前項為後項成立的必要條件
N2,強調・話題・その他,〜あっての,,有了…才有…、正因為有…,名詞 ＋ あっての ＋ 名詞,お 客様[きゃくさま]あっての 商売[しょうばい]だと、 社長[しゃちょう]はいつも 言[い]っている。,社長總說，有顧客才有生意。,前項為後項存在的前提
N2,強調・話題・その他,〜ならでは,,只有…才有的、…特有的,名詞 ＋ ならでは（の）,この 温泉宿[おんせんやど]ならではの 料理[りょうり]を 堪能[たんのう]した。,盡情享用了這家溫泉旅館獨有的料理。,褒義；強調獨特價值
N2,強調・話題・その他,〜をおいて,,除了…之外（沒有）,名詞 ＋ をおいて（他にない）,この 難局[なんきょく]を 乗[の]り 越[こ]えられるのは、 彼[かれ]をおいて 他[ほか]にいない。,能度過這個難關的，非他莫屬。,後接否定；高度評價唯一性
N2,強調・話題・その他,〜に至って,にいたって,到了…地步（才）、事到如今,名詞／動詞辞書形 ＋ に至って,大事故[だいじこ]が 起[お]きるに 至[いた]って、ようやく 対策[たいさく]が 取[と]られた。,直到發生重大事故，才終於採取了對策。,到極端階段才…；書面語
N2,強調・話題・その他,〜に至るまで,にいたるまで,甚至到…、一直到…,名詞 ＋ に至るまで,彼女[かのじょ]は 服装[ふくそう]から 言葉遣[ことばづか]いに 至[いた]るまで 気[き]を 配[くば]っている。,她從服裝到用詞遣字都很注意。,強調範圍之廣、細；書面語
N2,強調・話題・その他,〜からある,,多達…、足有…（重/長/大）,名詞（數量）＋ からある,彼[かれ]は 五十[ごじゅう]キロからある 荷物[にもつ]を 軽々[かるがる]と 持[も]ち 上[あ]げた。,他輕鬆舉起了足有五十公斤的行李。,強調數量之多；重量/長度用
N2,強調・話題・その他,〜からする,,多達…、高達…（價格）,名詞（金額）＋ からする,彼女[かのじょ]は 百万円[ひゃくまんえん]からするバッグを 平気[へいき]で 買[か]う。,她眼睛也不眨地買下高達百萬日圓的包。,多用於價格；からの亦可
N2,強調・話題・その他,〜たる,,身為…、作為…（就該）,名詞 ＋ たる ＋ 名詞,指導者[しどうしゃ]たる 者[もの]は、 常[つね]に 模範[もはん]を 示[しめ]すべきだ。,身為領導者，就應時時做出表率。,書面語、鄭重；表立場責任
N2,強調・話題・その他,〜たるもの,,身為…的人、作為…就該,名詞 ＋ たるもの（は）,教師[きょうし]たるもの、 生徒[せいと]の 手本[てほん]とならなければならない。,身為教師，就必須成為學生的榜樣。,強調應有的態度責任；書面語
N2,強調・話題・その他,〜ときたら,,說到…（真是）、提起…,名詞 ＋ ときたら,うちの 息子[むすこ]ときたら、 一日中[いちにちじゅう]ゲームばかりしている。,說到我家兒子，一整天光是打電動。,多含不滿/責備；口語話題提示
N2,強調・話題・その他,〜とあって,,由於…（特殊情況）、因為是…,名詞／動詞・形容詞普通形 ＋ とあって,連休[れんきゅう]とあって、 観光地[かんこうち]はどこも 混[こ]み 合[あ]っていた。,由於是連假，各觀光地都擠滿了人。,特殊情形導致理所當然結果
N2,強調・話題・その他,〜ともなると,,一旦到了…、要是…的話（就）,名詞／動詞辞書形 ＋ ともなると,課長[かちょう]ともなると、 責任[せきにん]も 大[おお]きくなる。,一旦當上課長，責任也會變大。,達到某高階段就會有相應變化
N2,強調・話題・その他,〜ともなれば,,要是到了…就、一旦成為…,名詞／動詞辞書形 ＋ ともなれば,年末[ねんまつ]ともなれば、この 商店街[しょうてんがい]は 買[か]い 物客[ものきゃく]でにぎわう。,一到年底，這條商店街就擠滿了購物人潮。,同「ともなると」；假設語氣稍強
N2,強調・話題・その他,〜にあって,,在…（時期/情況）之下、處於…,名詞 ＋ にあって,非常時[ひじょうじ]にあって、 彼[かれ]は 冷静[れいせい]な 判断[はんだん]を 下[くだ]した。,在非常時期，他做出了冷靜的判斷。,書面語；表特殊時期/立場
N2,強調・話題・その他,〜ながらに,,…著、保持…的狀態,名詞／動詞ます形 ＋ ながらに,彼女[かのじょ]は 当時[とうじ]の 様子[ようす]を 涙[なみだ]ながらに 語[かた]った。,她含著淚訴說當時的情形。,慣用：生まれながらに・涙ながらに
N2,強調・話題・その他,〜ながらの,,保持…狀態的、一如…的,名詞／動詞ます形 ＋ ながらの,この 村[むら]には 昔[むかし]ながらの 美[うつく]しい 風景[ふうけい]が 残[のこ]っている。,這個村子保留著一如往昔的美麗風景。,連體形；涙ながらの・昔ながらの
N2,強調・話題・その他,〜そのものだ,,簡直就是…、正是…本身,名詞／形容動詞語幹 ＋ そのものだ,彼[かれ]の 仕事[しごと]ぶりは、まさに 誠実[せいじつ]そのものだ。,他的工作態度，簡直就是誠實的化身。,極度強調；「〜そのもの」表本身
